age,bmi,children,charges,sex_female,sex_male,smoker_no,smoker_yes,smoker_nan,region_northeast,region_northwest,region_southeast,region_southwest,region_nan
19.0,27.9,0.0,16884.924,1.0,0.0,0.0,1.0,0.0,0.0,0.0,0.0,1.0,0.0
18.0,33.77,1.0,1725.5523,0.0,1.0,1.0,0.0,0.0,0.0,0.0,1.0,0.0,0.0
28.0,33.0,3.0,4449.462,0.0,1.0,1.0,0.0,0.0,0.0,0.0,1.0,0.0,0.0
33.0,22.705,0.0,21984.47061,0.0,1.0,1.0,0.0,0.0,0.0,1.0,0.0,0.0,0.0
32.0,28.88,0.0,3866.8552,0.0,1.0,1.0,0.0,0.0,0.0,1.0,0.0,0.0,0.0
31.0,25.74,0.0,3756.6216,1.0,0.0,1.0,0.0,0.0,0.0,0.0,1.0,0.0,0.0
46.0,33.44,1.0,8240.5896,1.0,0.0,1.0,0.0,0.0,0.0,0.0,1.0,0.0,0.0
37.0,27.74,3.0,7281.5056,1.0,0.0,1.0,0.0,0.0,0.0,1.0,0.0,0.0,0.0
37.0,29.83,2.0,6406.4107,0.0,1.0,1.0,0.0,0.0,1.0,0.0,0.0,0.0,0.0
60.0,25.84,0.0,28923.13692,1.0,0.0,1.0,0.0,0.0,0.0,1.0,0.0,0.0,0.0
25.0,26.22,0.0,2721.3208,0.0,1.0,1.0,0.0,0.0,1.0,0.0,0.0,0.0,0.0
62.0,26.29,0.0,27808.7251,1.0,0.0,0.0,1.0,0.0,0.0,0.0,1.0,0.0,0.0
23.0,34.4,0.0,1826.843,0.0,1.0,1.0,0.0,0.0,0.0,0.0,0.0,1.0,0.0
56.0,39.82,0.0,11090.7178,1.0,0.0,1.0,0.0,0.0,0.0,0.0,1.0,0.0,0.0
27.0,42.13,0.0,39611.7577,0.0,1.0,0.0,1.0,0.0,0.0,0.0,1.0,0.0,0.0
19.0,24.6,1.0,1837.237,0.0,1.0,1.0,0.0,0.0,0.0,0.0,0.0,1.0,0.0
52.0,30.78,1.0,10797.3362,1.0,0.0,1.0,0.0,0.0,1.0,0.0,0.0,0.0,0.0
23.0,23.845,0.0,2395.17155,0.0,1.0,1.0,0.0,0.0,1.0,0.0,0.0,0.0,0.0
56.0,40.3,0.0,10602.385,0.0,1.0,1.0,0.0,0.0,0.0,0.0,0.0,1.0,0.0
30.0,35.3,0.0,36837.467,0.0,1.0,0.0,1.0,0.0,0.0,0.0,0.0,1.0,0.0
60.0,36.005,0.0,13228.84695,1.0,0.0,1.0,0.0,0.0,1.0,0.0,0.0,0.0,0.0
30.0,32.4,1.0,4149.736,1.0,0.0,1.0,0.0,0.0,0.0,0.0,0.0,1.0,0.0
18.0,34.1,0.0,1137.011,0.0,1.0,1.0,0.0,0.0,0.0,0.0,1.0,0.0,0.0
34.0,31.92,1.0,37701.8768,1.0,0.0,0.0,1.0,0.0,1.0,0.0,0.0,0.0,0.0
37.0,28.025,2.0,6203.90175,0.0,1.0,1.0,0.0,0.0,0.0,1.0,0.0,0.0,0.0
59.0,27.72,3.0,14001.1338,1.0,0.0,1.0,0.0,0.0,0.0,0.0,1.0,0.0,0.0
63.0,23.085,0.0,14451.83515,1.0,0.0,1.0,0.0,0.0,1.0,0.0,0.0,0.0,0.0
55.0,32.775,2.0,12268.63225,1.0,0.0,1.0,0.0,0.0,0.0,1.0,0.0,0.0,0.0
23.0,17.385,1.0,2775.19215,0.0,1.0,1.0,0.0,0.0,0.0,1.0,0.0,0.0,0.0
31.0,36.3,2.0,38711.0,0.0,1.0,0.0,1.0,0.0,0.0,0.0,0.0,1.0,0.0
22.0,35.6,0.0,35585.576,0.0,1.0,0.0,1.0,0.0,0.0,0.0,0.0,1.0,0.0
18.0,26.315,0.0,2198.18985,1.0,0.0,1.0,0.0,0.0,1.0,0.0,0.0,0.0,0.0
19.0,28.6,5.0,4687.797,1.0,0.0,1.0,0.0,0.0,0.0,0.0,0.0,1.0,0.0
63.0,28.31,0.0,13770.0979,0.0,1.0,1.0,0.0,0.0,0.0,1.0,0.0,0.0,0.0
28.0,36.4,1.0,51194.55914,0.0,1.0,0.0,1.0,0.0,0.0,0.0,0.0,1.0,0.0
19.0,20.425,0.0,1625.43375,0.0,1.0,1.0,0.0,0.0,0.0,1.0,0.0,0.0,0.0
62.0,32.965,3.0,15612.19335,1.0,0.0,1.0,0.0,0.0,0.0,1.0,0.0,0.0,0.0
26.0,20.8,0.0,2302.3,0.0,1.0,1.0,0.0,0.0,0.0,0.0,0.0,1.0,0.0
35.0,36.67,1.0,39774.2763,0.0,1.0,0.0,1.0,0.0,1.0,0.0,0.0,0.0,0.0
60.0,39.9,0.0,48173.361,0.0,1.0,0.0,1.0,0.0,0.0,0.0,0.0,1.0,0.0
24.0,26.6,0.0,3046.062,1.0,0.0,1.0,0.0,0.0,1.0,0.0,0.0,0.0,0.0
31.0,36.63,2.0,4949.7587,1.0,0.0,1.0,0.0,0.0,0.0,0.0,1.0,0.0,0.0
41.0,21.78,1.0,6272.4772,0.0,1.0,1.0,0.0,0.0,0.0,0.0,1.0,0.0,0.0
37.0,30.8,2.0,6313.759,1.0,0.0,1.0,0.0,0.0,0.0,0.0,1.0,0.0,0.0
38.0,37.05,1.0,6079.6715,0.0,1.0,1.0,0.0,0.0,1.0,0.0,0.0,0.0,0.0
55.0,37.3,0.0,20630.28351,0.0,1.0,1.0,0.0,0.0,0.0,0.0,0.0,1.0,0.0
18.0,38.665,2.0,3393.35635,1.0,0.0,1.0,0.0,0.0,1.0,0.0,0.0,0.0,0.0
28.0,34.77,0.0,3556.9223,1.0,0.0,1.0,0.0,0.0,0.0,1.0,0.0,0.0,0.0
60.0,24.53,0.0,12629.8967,1.0,0.0,1.0,0.0,0.0,0.0,0.0,1.0,0.0,0.0
36.0,35.2,1.0,38709.176,0.0,1.0,0.0,1.0,0.0,0.0,0.0,1.0,0.0,0.0
18.0,35.625,0.0,2211.13075,1.0,0.0,1.0,0.0,0.0,1.0,0.0,0.0,0.0,0.0
21.0,33.63,2.0,3579.8287,1.0,0.0,1.0,0.0,0.0,0.0,1.0,0.0,0.0,0.0
48.0,28.0,1.0,23568.272,0.0,1.0,0.0,1.0,0.0,0.0,0.0,0.0,1.0,0.0
36.0,34.43,0.0,37742.5757,0.0,1.0,0.0,1.0,0.0,0.0,0.0,1.0,0.0,0.0
40.0,28.69,3.0,8059.6791,1.0,0.0,1.0,0.0,0.0,0.0,1.0,0.0,0.0,0.0
58.0,36.955,2.0,47496.49445,0.0,1.0,0.0,1.0,0.0,0.0,1.0,0.0,0.0,0.0
58.0,31.825,2.0,13607.36875,1.0,0.0,1.0,0.0,0.0,1.0,0.0,0.0,0.0,0.0
18.0,31.68,2.0,34303.1672,0.0,1.0,0.0,1.0,0.0,0.0,0.0,1.0,0.0,0.0
53.0,22.88,1.0,23244.7902,1.0,0.0,0.0,1.0,0.0,0.0,0.0,1.0,0.0,0.0
34.0,37.335,2.0,5989.52365,1.0,0.0,1.0,0.0,0.0,0.0,1.0,0.0,0.0,0.0
43.0,27.36,3.0,8606.2174,0.0,1.0,1.0,0.0,0.0,1.0,0.0,0.0,0.0,0.0
25.0,33.66,4.0,4504.6624,0.0,1.0,1.0,0.0,0.0,0.0,0.0,1.0,0.0,0.0
64.0,24.7,1.0,30166.61817,0.0,1.0,1.0,0.0,0.0,0.0,1.0,0.0,0.0,0.0
28.0,25.935,1.0,4133.64165,1.0,0.0,1.0,0.0,0.0,0.0,1.0,0.0,0.0,0.0
20.0,22.42,0.0,14711.7438,1.0,0.0,0.0,1.0,0.0,0.0,1.0,0.0,0.0,0.0
19.0,28.9,0.0,1743.214,1.0,0.0,1.0,0.0,0.0,0.0,0.0,0.0,1.0,0.0
61.0,39.1,2.0,14235.072,1.0,0.0,1.0,0.0,0.0,0.0,0.0,0.0,1.0,0.0
40.0,26.315,1.0,6389.37785,0.0,1.0,1.0,0.0,0.0,0.0,1.0,0.0,0.0,0.0
40.0,36.19,0.0,5920.1041,1.0,0.0,1.0,0.0,0.0,0.0,0.0,1.0,0.0,0.0
28.0,23.98,3.0,17663.1442,0.0,1.0,0.0,1.0,0.0,0.0,0.0,1.0,0.0,0.0
27.0,24.75,0.0,16577.7795,1.0,0.0,0.0,1.0,0.0,0.0,0.0,1.0,0.0,0.0
31.0,28.5,5.0,6799.458,0.0,1.0,1.0,0.0,0.0,1.0,0.0,0.0,0.0,0.0
53.0,28.1,3.0,11741.726,1.0,0.0,1.0,0.0,0.0,0.0,0.0,0.0,1.0,0.0
58.0,32.01,1.0,11946.6259,0.0,1.0,1.0,0.0,0.0,0.0,0.0,1.0,0.0,0.0
44.0,27.4,2.0,7726.854,0.0,1.0,1.0,0.0,0.0,0.0,0.0,0.0,1.0,0.0
57.0,34.01,0.0,11356.6609,0.0,1.0,1.0,0.0,0.0,0.0,1.0,0.0,0.0,0.0
29.0,29.59,1.0,3947.4131,1.0,0.0,1.0,0.0,0.0,0.0,0.0,1.0,0.0,0.0
21.0,35.53,0.0,1532.4697,0.0,1.0,1.0,0.0,0.0,0.0,0.0,1.0,0.0,0.0
22.0,39.805,0.0,2755.02095,1.0,0.0,1.0,0.0,0.0,1.0,0.0,0.0,0.0,0.0
41.0,32.965,0.0,6571.02435,1.0,0.0,1.0,0.0,0.0,0.0,1.0,0.0,0.0,0.0
31.0,26.885,1.0,4441.21315,0.0,1.0,1.0,0.0,0.0,1.0,0.0,0.0,0.0,0.0
45.0,38.285,0.0,7935.29115,1.0,0.0,1.0,0.0,0.0,1.0,0.0,0.0,0.0,0.0
22.0,37.62,1.0,37165.1638,0.0,1.0,0.0,1.0,0.0,0.0,0.0,1.0,0.0,0.0
48.0,41.23,4.0,11033.6617,1.0,0.0,1.0,0.0,0.0,0.0,1.0,0.0,0.0,0.0
37.0,34.8,2.0,39836.519,1.0,0.0,0.0,1.0,0.0,0.0,0.0,0.0,1.0,0.0
45.0,22.895,2.0,21098.55405,0.0,1.0,0.0,1.0,0.0,0.0,1.0,0.0,0.0,0.0
57.0,31.16,0.0,43578.9394,1.0,0.0,0.0,1.0,0.0,0.0,1.0,0.0,0.0,0.0
56.0,27.2,0.0,11073.176,1.0,0.0,1.0,0.0,0.0,0.0,0.0,0.0,1.0,0.0
46.0,27.74,0.0,8026.6666,1.0,0.0,1.0,0.0,0.0,0.0,1.0,0.0,0.0,0.0
55.0,26.98,0.0,11082.5772,1.0,0.0,1.0,0.0,0.0,0.0,1.0,0.0,0.0,0.0
21.0,39.49,0.0,2026.9741,1.0,0.0,1.0,0.0,0.0,0.0,0.0,1.0,0.0,0.0
53.0,24.795,1.0,10942.13205,1.0,0.0,1.0,0.0,0.0,0.0,1.0,0.0,0.0,0.0
59.0,29.83,3.0,30184.9367,0.0,1.0,0.0,1.0,0.0,1.0,0.0,0.0,0.0,0.0
35.0,34.77,2.0,5729.0053,0.0,1.0,1.0,0.0,0.0,0.0,1.0,0.0,0.0,0.0
64.0,31.3,2.0,47291.055,1.0,0.0,0.0,1.0,0.0,0.0,0.0,0.0,1.0,0.0
28.0,37.62,1.0,3766.8838,1.0,0.0,1.0,0.0,0.0,0.0,0.0,1.0,0.0,0.0
54.0,30.8,3.0,12105.32,1.0,0.0,1.0,0.0,0.0,0.0,0.0,0.0,1.0,0.0
55.0,38.28,0.0,10226.2842,0.0,1.0,1.0,0.0,0.0,0.0,0.0,1.0,0.0,0.0
56.0,19.95,0.0,22412.6485,0.0,1.0,0.0,1.0,0.0,1.0,0.0,0.0,0.0,0.0
38.0,19.3,0.0,15820.699,0.0,1.0,0.0,1.0,0.0,0.0,0.0,0.0,1.0,0.0
41.0,31.6,0.0,6186.127,1.0,0.0,1.0,0.0,0.0,0.0,0.0,0.0,1.0,0.0
30.0,25.46,0.0,3645.0894,0.0,1.0,1.0,0.0,0.0,1.0,0.0,0.0,0.0,0.0
18.0,30.115,0.0,21344.8467,1.0,0.0,1.0,0.0,0.0,1.0,0.0,0.0,0.0,0.0
61.0,29.92,3.0,30942.1918,1.0,0.0,0.0,1.0,0.0,0.0,0.0,1.0,0.0,0.0
34.0,27.5,1.0,5003.853,1.0,0.0,1.0,0.0,0.0,0.0,0.0,0.0,1.0,0.0
20.0,28.025,1.0,17560.37975,0.0,1.0,0.0,1.0,0.0,0.0,1.0,0.0,0.0,0.0
19.0,28.4,1.0,2331.519,1.0,0.0,1.0,0.0,0.0,0.0,0.0,0.0,1.0,0.0
26.0,30.875,2.0,3877.30425,0.0,1.0,1.0,0.0,0.0,0.0,1.0,0.0,0.0,0.0
29.0,27.94,0.0,2867.1196,0.0,1.0,1.0,0.0,0.0,0.0,0.0,1.0,0.0,0.0
63.0,35.09,0.0,47055.5321,0.0,1.0,0.0,1.0,0.0,0.0,0.0,1.0,0.0,0.0
54.0,33.63,1.0,10825.2537,0.0,1.0,1.0,0.0,0.0,0.0,1.0,0.0,0.0,0.0
55.0,29.7,2.0,11881.358,1.0,0.0,1.0,0.0,0.0,0.0,0.0,0.0,1.0,0.0
37.0,30.8,0.0,4646.759,0.0,1.0,1.0,0.0,0.0,0.0,0.0,0.0,1.0,0.0
21.0,35.72,0.0,2404.7338,1.0,0.0,1.0,0.0,0.0,0.0,1.0,0.0,0.0,0.0
52.0,32.205,3.0,11488.31695,0.0,1.0,1.0,0.0,0.0,1.0,0.0,0.0,0.0,0.0
60.0,28.595,0.0,30259.99556,0.0,1.0,1.0,0.0,0.0,1.0,0.0,0.0,0.0,0.0
58.0,49.06,0.0,11381.3254,0.0,1.0,1.0,0.0,0.0,0.0,0.0,1.0,0.0,0.0
29.0,27.94,1.0,19107.7796,1.0,0.0,0.0,1.0,0.0,0.0,0.0,1.0,0.0,0.0
49.0,27.17,0.0,8601.3293,1.0,0.0,1.0,0.0,0.0,0.0,0.0,1.0,0.0,0.0
37.0,23.37,2.0,6686.4313,1.0,0.0,1.0,0.0,0.0,0.0,1.0,0.0,0.0,0.0
44.0,37.1,2.0,7740.337,0.0,1.0,1.0,0.0,0.0,0.0,0.0,0.0,1.0,0.0
18.0,23.75,0.0,1705.6245,0.0,1.0,1.0,0.0,0.0,1.0,0.0,0.0,0.0,0.0
20.0,28.975,0.0,2257.47525,1.0,0.0,1.0,0.0,0.0,0.0,1.0,0.0,0.0,0.0
44.0,31.35,1.0,39556.4945,0.0,1.0,0.0,1.0,0.0,1.0,0.0,0.0,0.0,0.0
47.0,33.915,3.0,10115.00885,1.0,0.0,1.0,0.0,0.0,0.0,1.0,0.0,0.0,0.0
26.0,28.785,0.0,3385.39915,1.0,0.0,1.0,0.0,0.0,1.0,0.0,0.0,0.0,0.0
19.0,28.3,0.0,17081.08,1.0,0.0,0.0,1.0,0.0,0.0,0.0,0.0,1.0,0.0
52.0,37.4,0.0,9634.538,1.0,0.0,1.0,0.0,0.0,0.0,0.0,0.0,1.0,0.0
32.0,17.765,2.0,32734.1863,1.0,0.0,0.0,1.0,0.0,0.0,1.0,0.0,0.0,0.0
38.0,34.7,2.0,6082.405,0.0,1.0,1.0,0.0,0.0,0.0,0.0,0.0,1.0,0.0
59.0,26.505,0.0,12815.44495,1.0,0.0,1.0,0.0,0.0,1.0,0.0,0.0,0.0,0.0
61.0,22.04,0.0,13616.3586,1.0,0.0,1.0,0.0,0.0,1.0,0.0,0.0,0.0,0.0
53.0,35.9,2.0,11163.568,1.0,0.0,1.0,0.0,0.0,0.0,0.0,0.0,1.0,0.0
19.0,25.555,0.0,1632.56445,0.0,1.0,1.0,0.0,0.0,0.0,1.0,0.0,0.0,0.0
20.0,28.785,0.0,2457.21115,1.0,0.0,1.0,0.0,0.0,1.0,0.0,0.0,0.0,0.0
22.0,28.05,0.0,2155.6815,1.0,0.0,1.0,0.0,0.0,0.0,0.0,1.0,0.0,0.0
19.0,34.1,0.0,1261.442,0.0,1.0,1.0,0.0,0.0,0.0,0.0,0.0,1.0,0.0
22.0,25.175,0.0,2045.68525,0.0,1.0,1.0,0.0,0.0,0.0,1.0,0.0,0.0,0.0
54.0,31.9,3.0,27322.73386,1.0,0.0,1.0,0.0,0.0,0.0,0.0,1.0,0.0,0.0
22.0,36.0,0.0,2166.732,1.0,0.0,1.0,0.0,0.0,0.0,0.0,0.0,1.0,0.0
34.0,22.42,2.0,27375.90478,0.0,1.0,1.0,0.0,0.0,1.0,0.0,0.0,0.0,0.0
26.0,32.49,1.0,3490.5491,0.0,1.0,1.0,0.0,0.0,1.0,0.0,0.0,0.0,0.0
34.0,25.3,2.0,18972.495,0.0,1.0,0.0,1.0,0.0,0.0,0.0,1.0,0.0,0.0
29.0,29.735,2.0,18157.876,0.0,1.0,1.0,0.0,0.0,0.0,1.0,0.0,0.0,0.0
30.0,28.69,3.0,20745.9891,0.0,1.0,0.0,1.0,0.0,0.0,1.0,0.0,0.0,0.0
29.0,38.83,3.0,5138.2567,1.0,0.0,1.0,0.0,0.0,0.0,0.0,1.0,0.0,0.0
46.0,30.495,3.0,40720.55105,0.0,1.0,0.0,1.0,0.0,0.0,1.0,0.0,0.0,0.0
51.0,37.73,1.0,9877.6077,1.0,0.0,1.0,0.0,0.0,0.0,0.0,1.0,0.0,0.0
53.0,37.43,1.0,10959.6947,1.0,0.0,1.0,0.0,0.0,0.0,1.0,0.0,0.0,0.0
19.0,28.4,1.0,1842.519,0.0,1.0,1.0,0.0,0.0,0.0,0.0,0.0,1.0,0.0
35.0,24.13,1.0,5125.2157,0.0,1.0,1.0,0.0,0.0,0.0,1.0,0.0,0.0,0.0
48.0,29.7,0.0,7789.635,0.0,1.0,1.0,0.0,0.0,0.0,0.0,1.0,0.0,0.0
32.0,37.145,3.0,6334.34355,1.0,0.0,1.0,0.0,0.0,1.0,0.0,0.0,0.0,0.0
42.0,23.37,0.0,19964.7463,1.0,0.0,0.0,1.0,0.0,1.0,0.0,0.0,0.0,0.0
40.0,25.46,1.0,7077.1894,1.0,0.0,1.0,0.0,0.0,1.0,0.0,0.0,0.0,0.0
44.0,39.52,0.0,6948.7008,0.0,1.0,1.0,0.0,0.0,0.0,1.0,0.0,0.0,0.0
48.0,24.42,0.0,21223.6758,0.0,1.0,0.0,1.0,0.0,0.0,0.0,1.0,0.0,0.0
18.0,25.175,0.0,15518.18025,0.0,1.0,0.0,1.0,0.0,1.0,0.0,0.0,0.0,0.0
30.0,35.53,0.0,36950.2567,0.0,1.0,0.0,1.0,0.0,0.0,0.0,1.0,0.0,0.0
50.0,27.83,3.0,19749.38338,1.0,0.0,1.0,0.0,0.0,0.0,0.0,1.0,0.0,0.0
42.0,26.6,0.0,21348.706,1.0,0.0,0.0,1.0,0.0,0.0,1.0,0.0,0.0,0.0
18.0,36.85,0.0,36149.4835,1.0,0.0,0.0,1.0,0.0,0.0,0.0,1.0,0.0,0.0
54.0,39.6,1.0,10450.552,0.0,1.0,1.0,0.0,0.0,0.0,0.0,0.0,1.0,0.0
32.0,29.8,2.0,5152.134,1.0,0.0,1.0,0.0,0.0,0.0,0.0,0.0,1.0,0.0
37.0,29.64,0.0,5028.1466,0.0,1.0,1.0,0.0,0.0,0.0,1.0,0.0,0.0,0.0
47.0,28.215,4.0,10407.08585,0.0,1.0,1.0,0.0,0.0,1.0,0.0,0.0,0.0,0.0
20.0,37.0,5.0,4830.63,1.0,0.0,1.0,0.0,0.0,0.0,0.0,0.0,1.0,0.0
32.0,33.155,3.0,6128.79745,1.0,0.0,1.0,0.0,0.0,0.0,1.0,0.0,0.0,0.0
19.0,31.825,1.0,2719.27975,1.0,0.0,1.0,0.0,0.0,0.0,1.0,0.0,0.0,0.0
27.0,18.905,3.0,4827.90495,0.0,1.0,1.0,0.0,0.0,1.0,0.0,0.0,0.0,0.0
63.0,41.47,0.0,13405.3903,0.0,1.0,1.0,0.0,0.0,0.0,0.0,1.0,0.0,0.0
49.0,30.3,0.0,8116.68,0.0,1.0,1.0,0.0,0.0,0.0,0.0,0.0,1.0,0.0
18.0,15.96,0.0,1694.7964,0.0,1.0,1.0,0.0,0.0,1.0,0.0,0.0,0.0,0.0
35.0,34.8,1.0,5246.047,1.0,0.0,1.0,0.0,0.0,0.0,0.0,0.0,1.0,0.0
24.0,33.345,0.0,2855.43755,1.0,0.0,1.0,0.0,0.0,0.0,1.0,0.0,0.0,0.0
63.0,37.7,0.0,48824.45,1.0,0.0,0.0,1.0,0.0,0.0,0.0,0.0,1.0,0.0
38.0,27.835,2.0,6455.86265,0.0,1.0,1.0,0.0,0.0,0.0,1.0,0.0,0.0,0.0
54.0,29.2,1.0,10436.096,0.0,1.0,1.0,0.0,0.0,0.0,0.0,0.0,1.0,0.0
46.0,28.9,2.0,8823.279,1.0,0.0,1.0,0.0,0.0,0.0,0.0,0.0,1.0,0.0
41.0,33.155,3.0,8538.28845,1.0,0.0,1.0,0.0,0.0,1.0,0.0,0.0,0.0,0.0
58.0,28.595,0.0,11735.87905,0.0,1.0,1.0,0.0,0.0,0.0,1.0,0.0,0.0,0.0
18.0,38.28,0.0,1631.8212,1.0,0.0,1.0,0.0,0.0,0.0,0.0,1.0,0.0,0.0
22.0,19.95,3.0,4005.4225,0.0,1.0,1.0,0.0,0.0,1.0,0.0,0.0,0.0,0.0
44.0,26.41,0.0,7419.4779,1.0,0.0,1.0,0.0,0.0,0.0,1.0,0.0,0.0,0.0
44.0,30.69,2.0,7731.4271,0.0,1.0,1.0,0.0,0.0,0.0,0.0,1.0,0.0,0.0
36.0,41.895,3.0,43753.33705,0.0,1.0,0.0,1.0,0.0,1.0,0.0,0.0,0.0,0.0
26.0,29.92,2.0,3981.9768,1.0,0.0,1.0,0.0,0.0,0.0,0.0,1.0,0.0,0.0
30.0,30.9,3.0,5325.651,1.0,0.0,1.0,0.0,0.0,0.0,0.0,0.0,1.0,0.0
41.0,32.2,1.0,6775.961,1.0,0.0,1.0,0.0,0.0,0.0,0.0,0.0,1.0,0.0
29.0,32.11,2.0,4922.9159,1.0,0.0,1.0,0.0,0.0,0.0,1.0,0.0,0.0,0.0
61.0,31.57,0.0,12557.6053,0.0,1.0,1.0,0.0,0.0,0.0,0.0,1.0,0.0,0.0
36.0,26.2,0.0,4883.866,1.0,0.0,1.0,0.0,0.0,0.0,0.0,0.0,1.0,0.0
25.0,25.74,0.0,2137.6536,0.0,1.0,1.0,0.0,0.0,0.0,0.0,1.0,0.0,0.0
56.0,26.6,1.0,12044.342,1.0,0.0,1.0,0.0,0.0,0.0,1.0,0.0,0.0,0.0
18.0,34.43,0.0,1137.4697,0.0,1.0,1.0,0.0,0.0,0.0,0.0,1.0,0.0,0.0
19.0,30.59,0.0,1639.5631,0.0,1.0,1.0,0.0,0.0,0.0,1.0,0.0,0.0,0.0
39.0,32.8,0.0,5649.715,1.0,0.0,1.0,0.0,0.0,0.0,0.0,0.0,1.0,0.0
45.0,28.6,2.0,8516.829,1.0,0.0,1.0,0.0,0.0,0.0,0.0,1.0,0.0,0.0
51.0,18.05,0.0,9644.2525,1.0,0.0,1.0,0.0,0.0,0.0,1.0,0.0,0.0,0.0
64.0,39.33,0.0,14901.5167,1.0,0.0,1.0,0.0,0.0,1.0,0.0,0.0,0.0,0.0
19.0,32.11,0.0,2130.6759,1.0,0.0,1.0,0.0,0.0,0.0,1.0,0.0,0.0,0.0
48.0,32.23,1.0,8871.1517,1.0,0.0,1.0,0.0,0.0,0.0,0.0,1.0,0.0,0.0
60.0,24.035,0.0,13012.20865,1.0,0.0,1.0,0.0,0.0,0.0,1.0,0.0,0.0,0.0
27.0,36.08,0.0,37133.8982,1.0,0.0,0.0,1.0,0.0,0.0,0.0,1.0,0.0,0.0
46.0,22.3,0.0,7147.105,0.0,1.0,1.0,0.0,0.0,0.0,0.0,0.0,1.0,0.0
28.0,28.88,1.0,4337.7352,1.0,0.0,1.0,0.0,0.0,1.0,0.0,0.0,0.0,0.0
59.0,26.4,0.0,11743.299,0.0,1.0,1.0,0.0,0.0,0.0,0.0,1.0,0.0,0.0
35.0,27.74,2.0,20984.0936,0.0,1.0,0.0,1.0,0.0,1.0,0.0,0.0,0.0,0.0
63.0,31.8,0.0,13880.949,1.0,0.0,1.0,0.0,0.0,0.0,0.0,0.0,1.0,0.0
40.0,41.23,1.0,6610.1097,0.0,1.0,1.0,0.0,0.0,1.0,0.0,0.0,0.0,0.0
20.0,33.0,1.0,1980.07,0.0,1.0,1.0,0.0,0.0,0.0,0.0,0.0,1.0,0.0
40.0,30.875,4.0,8162.71625,0.0,1.0,1.0,0.0,0.0,0.0,1.0,0.0,0.0,0.0
24.0,28.5,2.0,3537.703,0.0,1.0,1.0,0.0,0.0,0.0,1.0,0.0,0.0,0.0
34.0,26.73,1.0,5002.7827,1.0,0.0,1.0,0.0,0.0,0.0,0.0,1.0,0.0,0.0
45.0,30.9,2.0,8520.026,1.0,0.0,1.0,0.0,0.0,0.0,0.0,0.0,1.0,0.0
41.0,37.1,2.0,7371.772,1.0,0.0,1.0,0.0,0.0,0.0,0.0,0.0,1.0,0.0
53.0,26.6,0.0,10355.641,1.0,0.0,1.0,0.0,0.0,0.0,1.0,0.0,0.0,0.0
27.0,23.1,0.0,2483.736,0.0,1.0,1.0,0.0,0.0,0.0,0.0,1.0,0.0,0.0
26.0,29.92,1.0,3392.9768,1.0,0.0,1.0,0.0,0.0,0.0,0.0,1.0,0.0,0.0
24.0,23.21,0.0,25081.76784,1.0,0.0,1.0,0.0,0.0,0.0,0.0,1.0,0.0,0.0
34.0,33.7,1.0,5012.471,1.0,0.0,1.0,0.0,0.0,0.0,0.0,0.0,1.0,0.0
53.0,33.25,0.0,10564.8845,1.0,0.0,1.0,0.0,0.0,1.0,0.0,0.0,0.0,0.0
32.0,30.8,3.0,5253.524,0.0,1.0,1.0,0.0,0.0,0.0,0.0,0.0,1.0,0.0
19.0,34.8,0.0,34779.615,0.0,1.0,0.0,1.0,0.0,0.0,0.0,0.0,1.0,0.0
42.0,24.64,0.0,19515.5416,0.0,1.0,0.0,1.0,0.0,0.0,0.0,1.0,0.0,0.0
55.0,33.88,3.0,11987.1682,0.0,1.0,1.0,0.0,0.0,0.0,0.0,1.0,0.0,0.0
28.0,38.06,0.0,2689.4954,0.0,1.0,1.0,0.0,0.0,0.0,0.0,1.0,0.0,0.0
58.0,41.91,0.0,24227.33724,1.0,0.0,1.0,0.0,0.0,0.0,0.0,1.0,0.0,0.0
41.0,31.635,1.0,7358.17565,1.0,0.0,1.0,0.0,0.0,1.0,0.0,0.0,0.0,0.0
47.0,25.46,2.0,9225.2564,0.0,1.0,1.0,0.0,0.0,1.0,0.0,0.0,0.0,0.0
42.0,36.195,1.0,7443.64305,1.0,0.0,1.0,0.0,0.0,0.0,1.0,0.0,0.0,0.0
59.0,27.83,3.0,14001.2867,1.0,0.0,1.0,0.0,0.0,0.0,0.0,1.0,0.0,0.0
19.0,17.8,0.0,1727.785,1.0,0.0,1.0,0.0,0.0,0.0,0.0,0.0,1.0,0.0
59.0,27.5,1.0,12333.828,0.0,1.0,1.0,0.0,0.0,0.0,0.0,0.0,1.0,0.0
39.0,24.51,2.0,6710.1919,0.0,1.0,1.0,0.0,0.0,0.0,1.0,0.0,0.0,0.0
40.0,22.22,2.0,19444.2658,1.0,0.0,0.0,1.0,0.0,0.0,0.0,1.0,0.0,0.0
18.0,26.73,0.0,1615.7667,1.0,0.0,1.0,0.0,0.0,0.0,0.0,1.0,0.0,0.0
31.0,38.39,2.0,4463.2051,0.0,1.0,1.0,0.0,0.0,0.0,0.0,1.0,0.0,0.0
19.0,29.07,0.0,17352.6803,0.0,1.0,0.0,1.0,0.0,0.0,1.0,0.0,0.0,0.0
44.0,38.06,1.0,7152.6714,0.0,1.0,1.0,0.0,0.0,0.0,0.0,1.0,0.0,0.0
23.0,36.67,2.0,38511.6283,1.0,0.0,0.0,1.0,0.0,1.0,0.0,0.0,0.0,0.0
33.0,22.135,1.0,5354.07465,1.0,0.0,1.0,0.0,0.0,1.0,0.0,0.0,0.0,0.0
55.0,26.8,1.0,35160.13457,1.0,0.0,1.0,0.0,0.0,0.0,0.0,0.0,1.0,0.0
40.0,35.3,3.0,7196.867,0.0,1.0,1.0,0.0,0.0,0.0,0.0,0.0,1.0,0.0
63.0,27.74,0.0,29523.1656,1.0,0.0,0.0,1.0,0.0,1.0,0.0,0.0,0.0,0.0
54.0,30.02,0.0,24476.47851,0.0,1.0,1.0,0.0,0.0,0.0,1.0,0.0,0.0,0.0
60.0,38.06,0.0,12648.7034,1.0,0.0,1.0,0.0,0.0,0.0,0.0,1.0,0.0,0.0
24.0,35.86,0.0,1986.9334,0.0,1.0,1.0,0.0,0.0,0.0,0.0,1.0,0.0,0.0
19.0,20.9,1.0,1832.094,0.0,1.0,1.0,0.0,0.0,0.0,0.0,0.0,1.0,0.0
29.0,28.975,1.0,4040.55825,0.0,1.0,1.0,0.0,0.0,1.0,0.0,0.0,0.0,0.0
18.0,17.29,2.0,12829.4551,0.0,1.0,0.0,1.0,0.0,1.0,0.0,0.0,0.0,0.0
63.0,32.2,2.0,47305.305,1.0,0.0,0.0,1.0,0.0,0.0,0.0,0.0,1.0,0.0
54.0,34.21,2.0,44260.7499,0.0,1.0,0.0,1.0,0.0,0.0,0.0,1.0,0.0,0.0
27.0,30.3,3.0,4260.744,0.0,1.0,1.0,0.0,0.0,0.0,0.0,0.0,1.0,0.0
50.0,31.825,0.0,41097.16175,0.0,1.0,0.0,1.0,0.0,1.0,0.0,0.0,0.0,0.0
55.0,25.365,3.0,13047.33235,1.0,0.0,1.0,0.0,0.0,1.0,0.0,0.0,0.0,0.0
56.0,33.63,0.0,43921.1837,0.0,1.0,0.0,1.0,0.0,0.0,1.0,0.0,0.0,0.0
38.0,40.15,0.0,5400.9805,1.0,0.0,1.0,0.0,0.0,0.0,0.0,1.0,0.0,0.0
51.0,24.415,4.0,11520.09985,0.0,1.0,1.0,0.0,0.0,0.0,1.0,0.0,0.0,0.0
19.0,31.92,0.0,33750.2918,0.0,1.0,0.0,1.0,0.0,0.0,1.0,0.0,0.0,0.0
58.0,25.2,0.0,11837.16,1.0,0.0,1.0,0.0,0.0,0.0,0.0,0.0,1.0,0.0
20.0,26.84,1.0,17085.2676,1.0,0.0,0.0,1.0,0.0,0.0,0.0,1.0,0.0,0.0
52.0,24.32,3.0,24869.8368,0.0,1.0,0.0,1.0,0.0,1.0,0.0,0.0,0.0,0.0
19.0,36.955,0.0,36219.40545,0.0,1.0,0.0,1.0,0.0,0.0,1.0,0.0,0.0,0.0
53.0,38.06,3.0,20462.99766,1.0,0.0,1.0,0.0,0.0,0.0,0.0,1.0,0.0,0.0
46.0,42.35,3.0,46151.1245,0.0,1.0,0.0,1.0,0.0,0.0,0.0,1.0,0.0,0.0
40.0,19.8,1.0,17179.522,0.0,1.0,0.0,1.0,0.0,0.0,0.0,1.0,0.0,0.0
59.0,32.395,3.0,14590.63205,1.0,0.0,1.0,0.0,0.0,1.0,0.0,0.0,0.0,0.0
45.0,30.2,1.0,7441.053,0.0,1.0,1.0,0.0,0.0,0.0,0.0,0.0,1.0,0.0
49.0,25.84,1.0,9282.4806,0.0,1.0,1.0,0.0,0.0,1.0,0.0,0.0,0.0,0.0
18.0,29.37,1.0,1719.4363,0.0,1.0,1.0,0.0,0.0,0.0,0.0,1.0,0.0,0.0
50.0,34.2,2.0,42856.838,0.0,1.0,0.0,1.0,0.0,0.0,0.0,0.0,1.0,0.0
41.0,37.05,2.0,7265.7025,0.0,1.0,1.0,0.0,0.0,0.0,1.0,0.0,0.0,0.0
50.0,27.455,1.0,9617.66245,0.0,1.0,1.0,0.0,0.0,1.0,0.0,0.0,0.0,0.0
25.0,27.55,0.0,2523.1695,0.0,1.0,1.0,0.0,0.0,0.0,1.0,0.0,0.0,0.0
47.0,26.6,2.0,9715.841,1.0,0.0,1.0,0.0,0.0,1.0,0.0,0.0,0.0,0.0
19.0,20.615,2.0,2803.69785,0.0,1.0,1.0,0.0,0.0,0.0,1.0,0.0,0.0,0.0
22.0,24.3,0.0,2150.469,1.0,0.0,1.0,0.0,0.0,0.0,0.0,0.0,1.0,0.0
59.0,31.79,2.0,12928.7911,0.0,1.0,1.0,0.0,0.0,0.0,0.0,1.0,0.0,0.0
51.0,21.56,1.0,9855.1314,1.0,0.0,1.0,0.0,0.0,0.0,0.0,1.0,0.0,0.0
40.0,28.12,1.0,22331.5668,1.0,0.0,0.0,1.0,0.0,1.0,0.0,0.0,0.0,0.0
54.0,40.565,3.0,48549.17835,0.0,1.0,0.0,1.0,0.0,1.0,0.0,0.0,0.0,0.0
30.0,27.645,1.0,4237.12655,0.0,1.0,1.0,0.0,0.0,1.0,0.0,0.0,0.0,0.0
55.0,32.395,1.0,11879.10405,1.0,0.0,1.0,0.0,0.0,1.0,0.0,0.0,0.0,0.0
52.0,31.2,0.0,9625.92,1.0,0.0,1.0,0.0,0.0,0.0,0.0,0.0,1.0,0.0
46.0,26.62,1.0,7742.1098,0.0,1.0,1.0,0.0,0.0,0.0,0.0,1.0,0.0,0.0
46.0,48.07,2.0,9432.9253,1.0,0.0,1.0,0.0,0.0,1.0,0.0,0.0,0.0,0.0
63.0,26.22,0.0,14256.1928,1.0,0.0,1.0,0.0,0.0,0.0,1.0,0.0,0.0,0.0
59.0,36.765,1.0,47896.79135,1.0,0.0,0.0,1.0,0.0,1.0,0.0,0.0,0.0,0.0
52.0,26.4,3.0,25992.82104,0.0,1.0,1.0,0.0,0.0,0.0,0.0,1.0,0.0,0.0
28.0,33.4,0.0,3172.018,1.0,0.0,1.0,0.0,0.0,0.0,0.0,0.0,1.0,0.0
29.0,29.64,1.0,20277.80751,0.0,1.0,1.0,0.0,0.0,1.0,0.0,0.0,0.0,0.0
25.0,45.54,2.0,42112.2356,0.0,1.0,0.0,1.0,0.0,0.0,0.0,1.0,0.0,0.0
22.0,28.82,0.0,2156.7518,1.0,0.0,1.0,0.0,0.0,0.0,0.0,1.0,0.0,0.0
25.0,26.8,3.0,3906.127,0.0,1.0,1.0,0.0,0.0,0.0,0.0,0.0,1.0,0.0
18.0,22.99,0.0,1704.5681,0.0,1.0,1.0,0.0,0.0,1.0,0.0,0.0,0.0,0.0
19.0,27.7,0.0,16297.846,0.0,1.0,0.0,1.0,0.0,0.0,0.0,0.0,1.0,0.0
47.0,25.41,1.0,21978.6769,0.0,1.0,0.0,1.0,0.0,0.0,0.0,1.0,0.0,0.0
31.0,34.39,3.0,38746.3551,0.0,1.0,0.0,1.0,0.0,0.0,1.0,0.0,0.0,0.0
48.0,28.88,1.0,9249.4952,1.0,0.0,1.0,0.0,0.0,0.0,1.0,0.0,0.0,0.0
36.0,27.55,3.0,6746.7425,0.0,1.0,1.0,0.0,0.0,1.0,0.0,0.0,0.0,0.0
53.0,22.61,3.0,24873.3849,1.0,0.0,0.0,1.0,0.0,1.0,0.0,0.0,0.0,0.0
56.0,37.51,2.0,12265.5069,1.0,0.0,1.0,0.0,0.0,0.0,0.0,1.0,0.0,0.0
28.0,33.0,2.0,4349.462,1.0,0.0,1.0,0.0,0.0,0.0,0.0,1.0,0.0,0.0
57.0,38.0,2.0,12646.207,1.0,0.0,1.0,0.0,0.0,0.0,0.0,0.0,1.0,0.0
29.0,33.345,2.0,19442.3535,0.0,1.0,1.0,0.0,0.0,0.0,1.0,0.0,0.0,0.0
28.0,27.5,2.0,20177.67113,1.0,0.0,1.0,0.0,0.0,0.0,0.0,0.0,1.0,0.0
30.0,33.33,1.0,4151.0287,1.0,0.0,1.0,0.0,0.0,0.0,0.0,1.0,0.0,0.0
58.0,34.865,0.0,11944.59435,0.0,1.0,1.0,0.0,0.0,1.0,0.0,0.0,0.0,0.0
41.0,33.06,2.0,7749.1564,1.0,0.0,1.0,0.0,0.0,0.0,1.0,0.0,0.0,0.0
50.0,26.6,0.0,8444.474,0.0,1.0,1.0,0.0,0.0,0.0,0.0,0.0,1.0,0.0
19.0,24.7,0.0,1737.376,1.0,0.0,1.0,0.0,0.0,0.0,0.0,0.0,1.0,0.0
43.0,35.97,3.0,42124.5153,0.0,1.0,0.0,1.0,0.0,0.0,0.0,1.0,0.0,0.0
49.0,35.86,0.0,8124.4084,0.0,1.0,1.0,0.0,0.0,0.0,0.0,1.0,0.0,0.0
27.0,31.4,0.0,34838.873,1.0,0.0,0.0,1.0,0.0,0.0,0.0,0.0,1.0,0.0
52.0,33.25,0.0,9722.7695,0.0,1.0,1.0,0.0,0.0,1.0,0.0,0.0,0.0,0.0
50.0,32.205,0.0,8835.26495,0.0,1.0,1.0,0.0,0.0,0.0,1.0,0.0,0.0,0.0
54.0,32.775,0.0,10435.06525,0.0,1.0,1.0,0.0,0.0,1.0,0.0,0.0,0.0,0.0
44.0,27.645,0.0,7421.19455,1.0,0.0,1.0,0.0,0.0,0.0,1.0,0.0,0.0,0.0
32.0,37.335,1.0,4667.60765,0.0,1.0,1.0,0.0,0.0,1.0,0.0,0.0,0.0,0.0
34.0,25.27,1.0,4894.7533,0.0,1.0,1.0,0.0,0.0,0.0,1.0,0.0,0.0,0.0
26.0,29.64,4.0,24671.66334,1.0,0.0,1.0,0.0,0.0,1.0,0.0,0.0,0.0,0.0
34.0,30.8,0.0,35491.64,0.0,1.0,0.0,1.0,0.0,0.0,0.0,0.0,1.0,0.0
57.0,40.945,0.0,11566.30055,0.0,1.0,1.0,0.0,0.0,1.0,0.0,0.0,0.0,0.0
29.0,27.2,0.0,2866.091,0.0,1.0,1.0,0.0,0.0,0.0,0.0,0.0,1.0,0.0
40.0,34.105,1.0,6600.20595,0.0,1.0,1.0,0.0,0.0,1.0,0.0,0.0,0.0,0.0
27.0,23.21,1.0,3561.8889,1.0,0.0,1.0,0.0,0.0,0.0,0.0,1.0,0.0,0.0
45.0,36.48,2.0,42760.5022,0.0,1.0,0.0,1.0,0.0,0.0,1.0,0.0,0.0,0.0
64.0,33.8,1.0,47928.03,1.0,0.0,0.0,1.0,0.0,0.0,0.0,0.0,1.0,0.0
52.0,36.7,0.0,9144.565,0.0,1.0,1.0,0.0,0.0,0.0,0.0,0.0,1.0,0.0
61.0,36.385,1.0,48517.56315,1.0,0.0,0.0,1.0,0.0,1.0,0.0,0.0,0.0,0.0
52.0,27.36,0.0,24393.6224,0.0,1.0,0.0,1.0,0.0,0.0,1.0,0.0,0.0,0.0
61.0,31.16,0.0,13429.0354,1.0,0.0,1.0,0.0,0.0,0.0,1.0,0.0,0.0,0.0
56.0,28.785,0.0,11658.37915,1.0,0.0,1.0,0.0,0.0,1.0,0.0,0.0,0.0,0.0
43.0,35.72,2.0,19144.57652,1.0,0.0,1.0,0.0,0.0,1.0,0.0,0.0,0.0,0.0
64.0,34.5,0.0,13822.803,0.0,1.0,1.0,0.0,0.0,0.0,0.0,0.0,1.0,0.0
60.0,25.74,0.0,12142.5786,0.0,1.0,1.0,0.0,0.0,0.0,0.0,1.0,0.0,0.0
62.0,27.55,1.0,13937.6665,0.0,1.0,1.0,0.0,0.0,0.0,1.0,0.0,0.0,0.0
50.0,32.3,1.0,41919.097,0.0,1.0,0.0,1.0,0.0,1.0,0.0,0.0,0.0,0.0
46.0,27.72,1.0,8232.6388,1.0,0.0,1.0,0.0,0.0,0.0,0.0,1.0,0.0,0.0
24.0,27.6,0.0,18955.22017,1.0,0.0,1.0,0.0,0.0,0.0,0.0,0.0,1.0,0.0
62.0,30.02,0.0,13352.0998,0.0,1.0,1.0,0.0,0.0,0.0,1.0,0.0,0.0,0.0
60.0,27.55,0.0,13217.0945,1.0,0.0,1.0,0.0,0.0,1.0,0.0,0.0,0.0,0.0
63.0,36.765,0.0,13981.85035,0.0,1.0,1.0,0.0,0.0,1.0,0.0,0.0,0.0,0.0
49.0,41.47,4.0,10977.2063,1.0,0.0,1.0,0.0,0.0,0.0,0.0,1.0,0.0,0.0
34.0,29.26,3.0,6184.2994,1.0,0.0,1.0,0.0,0.0,0.0,0.0,1.0,0.0,0.0
33.0,35.75,2.0,4889.9995,0.0,1.0,1.0,0.0,0.0,0.0,0.0,1.0,0.0,0.0
46.0,33.345,1.0,8334.45755,0.0,1.0,1.0,0.0,0.0,1.0,0.0,0.0,0.0,0.0
36.0,29.92,1.0,5478.0368,1.0,0.0,1.0,0.0,0.0,0.0,0.0,1.0,0.0,0.0
19.0,27.835,0.0,1635.73365,0.0,1.0,1.0,0.0,0.0,0.0,1.0,0.0,0.0,0.0
57.0,23.18,0.0,11830.6072,1.0,0.0,1.0,0.0,0.0,0.0,1.0,0.0,0.0,0.0
50.0,25.6,0.0,8932.084,1.0,0.0,1.0,0.0,0.0,0.0,0.0,0.0,1.0,0.0
30.0,27.7,0.0,3554.203,1.0,0.0,1.0,0.0,0.0,0.0,0.0,0.0,1.0,0.0
33.0,35.245,0.0,12404.8791,0.0,1.0,1.0,0.0,0.0,1.0,0.0,0.0,0.0,0.0
18.0,38.28,0.0,14133.03775,1.0,0.0,1.0,0.0,0.0,0.0,0.0,1.0,0.0,0.0
46.0,27.6,0.0,24603.04837,0.0,1.0,1.0,0.0,0.0,0.0,0.0,0.0,1.0,0.0
46.0,43.89,3.0,8944.1151,0.0,1.0,1.0,0.0,0.0,0.0,0.0,1.0,0.0,0.0
47.0,29.83,3.0,9620.3307,0.0,1.0,1.0,0.0,0.0,0.0,1.0,0.0,0.0,0.0
23.0,41.91,0.0,1837.2819,0.0,1.0,1.0,0.0,0.0,0.0,0.0,1.0,0.0,0.0
18.0,20.79,0.0,1607.5101,1.0,0.0,1.0,0.0,0.0,0.0,0.0,1.0,0.0,0.0
48.0,32.3,2.0,10043.249,1.0,0.0,1.0,0.0,0.0,1.0,0.0,0.0,0.0,0.0
35.0,30.5,1.0,4751.07,0.0,1.0,1.0,0.0,0.0,0.0,0.0,0.0,1.0,0.0
19.0,21.7,0.0,13844.506,1.0,0.0,0.0,1.0,0.0,0.0,0.0,0.0,1.0,0.0
21.0,26.4,1.0,2597.779,1.0,0.0,1.0,0.0,0.0,0.0,0.0,0.0,1.0,0.0
21.0,21.89,2.0,3180.5101,1.0,0.0,1.0,0.0,0.0,0.0,0.0,1.0,0.0,0.0
49.0,30.78,1.0,9778.3472,1.0,0.0,1.0,0.0,0.0,1.0,0.0,0.0,0.0,0.0
56.0,32.3,3.0,13430.265,1.0,0.0,1.0,0.0,0.0,1.0,0.0,0.0,0.0,0.0
42.0,24.985,2.0,8017.06115,1.0,0.0,1.0,0.0,0.0,0.0,1.0,0.0,0.0,0.0
44.0,32.015,2.0,8116.26885,0.0,1.0,1.0,0.0,0.0,0.0,1.0,0.0,0.0,0.0
18.0,30.4,3.0,3481.868,0.0,1.0,1.0,0.0,0.0,1.0,0.0,0.0,0.0,0.0
61.0,21.09,0.0,13415.0381,1.0,0.0,1.0,0.0,0.0,0.0,1.0,0.0,0.0,0.0
57.0,22.23,0.0,12029.2867,1.0,0.0,1.0,0.0,0.0,1.0,0.0,0.0,0.0,0.0
42.0,33.155,1.0,7639.41745,1.0,0.0,1.0,0.0,0.0,1.0,0.0,0.0,0.0,0.0
26.0,32.9,2.0,36085.219,0.0,1.0,0.0,1.0,0.0,0.0,0.0,0.0,1.0,0.0
20.0,33.33,0.0,1391.5287,0.0,1.0,1.0,0.0,0.0,0.0,0.0,1.0,0.0,0.0
23.0,28.31,0.0,18033.9679,1.0,0.0,0.0,1.0,0.0,0.0,1.0,0.0,0.0,0.0
39.0,24.89,3.0,21659.9301,1.0,0.0,0.0,1.0,0.0,1.0,0.0,0.0,0.0,0.0
24.0,40.15,0.0,38126.2465,0.0,1.0,0.0,1.0,0.0,0.0,0.0,1.0,0.0,0.0
64.0,30.115,3.0,16455.70785,1.0,0.0,1.0,0.0,0.0,0.0,1.0,0.0,0.0,0.0
62.0,31.46,1.0,27000.98473,0.0,1.0,1.0,0.0,0.0,0.0,0.0,1.0,0.0,0.0
27.0,17.955,2.0,15006.57945,1.0,0.0,0.0,1.0,0.0,1.0,0.0,0.0,0.0,0.0
55.0,30.685,0.0,42303.69215,0.0,1.0,0.0,1.0,0.0,1.0,0.0,0.0,0.0,0.0
55.0,33.0,0.0,20781.48892,0.0,1.0,1.0,0.0,0.0,0.0,0.0,1.0,0.0,0.0
35.0,43.34,2.0,5846.9176,1.0,0.0,1.0,0.0,0.0,0.0,0.0,1.0,0.0,0.0
44.0,22.135,2.0,8302.53565,0.0,1.0,1.0,0.0,0.0,1.0,0.0,0.0,0.0,0.0
19.0,34.4,0.0,1261.859,0.0,1.0,1.0,0.0,0.0,0.0,0.0,0.0,1.0,0.0
58.0,39.05,0.0,11856.4115,1.0,0.0,1.0,0.0,0.0,0.0,0.0,1.0,0.0,0.0
50.0,25.365,2.0,30284.64294,0.0,1.0,1.0,0.0,0.0,0.0,1.0,0.0,0.0,0.0
26.0,22.61,0.0,3176.8159,1.0,0.0,1.0,0.0,0.0,0.0,1.0,0.0,0.0,0.0
24.0,30.21,3.0,4618.0799,1.0,0.0,1.0,0.0,0.0,0.0,1.0,0.0,0.0,0.0
48.0,35.625,4.0,10736.87075,0.0,1.0,1.0,0.0,0.0,1.0,0.0,0.0,0.0,0.0
19.0,37.43,0.0,2138.0707,1.0,0.0,1.0,0.0,0.0,0.0,1.0,0.0,0.0,0.0
48.0,31.445,1.0,8964.06055,0.0,1.0,1.0,0.0,0.0,1.0,0.0,0.0,0.0,0.0
49.0,31.35,1.0,9290.1395,0.0,1.0,1.0,0.0,0.0,1.0,0.0,0.0,0.0,0.0
46.0,32.3,2.0,9411.005,1.0,0.0,1.0,0.0,0.0,1.0,0.0,0.0,0.0,0.0
46.0,19.855,0.0,7526.70645,0.0,1.0,1.0,0.0,0.0,0.0,1.0,0.0,0.0,0.0
43.0,34.4,3.0,8522.003,1.0,0.0,1.0,0.0,0.0,0.0,0.0,0.0,1.0,0.0
21.0,31.02,0.0,16586.49771,0.0,1.0,1.0,0.0,0.0,0.0,0.0,1.0,0.0,0.0
64.0,25.6,2.0,14988.432,0.0,1.0,1.0,0.0,0.0,0.0,0.0,0.0,1.0,0.0
18.0,38.17,0.0,1631.6683,1.0,0.0,1.0,0.0,0.0,0.0,0.0,1.0,0.0,0.0
51.0,20.6,0.0,9264.797,1.0,0.0,1.0,0.0,0.0,0.0,0.0,0.0,1.0,0.0
47.0,47.52,1.0,8083.9198,0.0,1.0,1.0,0.0,0.0,0.0,0.0,1.0,0.0,0.0
64.0,32.965,0.0,14692.66935,1.0,0.0,1.0,0.0,0.0,0.0,1.0,0.0,0.0,0.0
49.0,32.3,3.0,10269.46,0.0,1.0,1.0,0.0,0.0,0.0,1.0,0.0,0.0,0.0
31.0,20.4,0.0,3260.199,0.0,1.0,1.0,0.0,0.0,0.0,0.0,0.0,1.0,0.0
52.0,38.38,2.0,11396.9002,1.0,0.0,1.0,0.0,0.0,1.0,0.0,0.0,0.0,0.0
33.0,24.31,0.0,4185.0979,1.0,0.0,1.0,0.0,0.0,0.0,0.0,1.0,0.0,0.0
47.0,23.6,1.0,8539.671,1.0,0.0,1.0,0.0,0.0,0.0,0.0,0.0,1.0,0.0
38.0,21.12,3.0,6652.5288,0.0,1.0,1.0,0.0,0.0,0.0,0.0,1.0,0.0,0.0
32.0,30.03,1.0,4074.4537,0.0,1.0,1.0,0.0,0.0,0.0,0.0,1.0,0.0,0.0
19.0,17.48,0.0,1621.3402,0.0,1.0,1.0,0.0,0.0,0.0,1.0,0.0,0.0,0.0
44.0,20.235,1.0,19594.80965,1.0,0.0,0.0,1.0,0.0,1.0,0.0,0.0,0.0,0.0
26.0,17.195,2.0,14455.64405,1.0,0.0,0.0,1.0,0.0,1.0,0.0,0.0,0.0,0.0
25.0,23.9,5.0,5080.096,0.0,1.0,1.0,0.0,0.0,0.0,0.0,0.0,1.0,0.0
19.0,35.15,0.0,2134.9015,1.0,0.0,1.0,0.0,0.0,0.0,1.0,0.0,0.0,0.0
43.0,35.64,1.0,7345.7266,1.0,0.0,1.0,0.0,0.0,0.0,0.0,1.0,0.0,0.0
52.0,34.1,0.0,9140.951,0.0,1.0,1.0,0.0,0.0,0.0,0.0,1.0,0.0,0.0
36.0,22.6,2.0,18608.262,1.0,0.0,0.0,1.0,0.0,0.0,0.0,0.0,1.0,0.0
64.0,39.16,1.0,14418.2804,0.0,1.0,1.0,0.0,0.0,0.0,0.0,1.0,0.0,0.0
63.0,26.98,0.0,28950.4692,1.0,0.0,0.0,1.0,0.0,0.0,1.0,0.0,0.0,0.0
64.0,33.88,0.0,46889.2612,0.0,1.0,0.0,1.0,0.0,0.0,0.0,1.0,0.0,0.0
61.0,35.86,0.0,46599.1084,0.0,1.0,0.0,1.0,0.0,0.0,0.0,1.0,0.0,0.0
40.0,32.775,1.0,39125.33225,0.0,1.0,0.0,1.0,0.0,1.0,0.0,0.0,0.0,0.0
25.0,30.59,0.0,2727.3951,0.0,1.0,1.0,0.0,0.0,1.0,0.0,0.0,0.0,0.0
48.0,30.2,2.0,8968.33,0.0,1.0,1.0,0.0,0.0,0.0,0.0,0.0,1.0,0.0
45.0,24.31,5.0,9788.8659,0.0,1.0,1.0,0.0,0.0,0.0,0.0,1.0,0.0,0.0
38.0,27.265,1.0,6555.07035,1.0,0.0,1.0,0.0,0.0,1.0,0.0,0.0,0.0,0.0
18.0,29.165,0.0,7323.734819,1.0,0.0,1.0,0.0,0.0,1.0,0.0,0.0,0.0,0.0
21.0,16.815,1.0,3167.45585,1.0,0.0,1.0,0.0,0.0,1.0,0.0,0.0,0.0,0.0
27.0,30.4,3.0,18804.7524,1.0,0.0,1.0,0.0,0.0,0.0,1.0,0.0,0.0,0.0
19.0,33.1,0.0,23082.95533,0.0,1.0,1.0,0.0,0.0,0.0,0.0,0.0,1.0,0.0
29.0,20.235,2.0,4906.40965,1.0,0.0,1.0,0.0,0.0,0.0,1.0,0.0,0.0,0.0
42.0,26.9,0.0,5969.723,0.0,1.0,1.0,0.0,0.0,0.0,0.0,0.0,1.0,0.0
60.0,30.5,0.0,12638.195,1.0,0.0,1.0,0.0,0.0,0.0,0.0,0.0,1.0,0.0
31.0,28.595,1.0,4243.59005,0.0,1.0,1.0,0.0,0.0,0.0,1.0,0.0,0.0,0.0
60.0,33.11,3.0,13919.8229,0.0,1.0,1.0,0.0,0.0,0.0,0.0,1.0,0.0,0.0
22.0,31.73,0.0,2254.7967,0.0,1.0,1.0,0.0,0.0,1.0,0.0,0.0,0.0,0.0
35.0,28.9,3.0,5926.846,0.0,1.0,1.0,0.0,0.0,0.0,0.0,0.0,1.0,0.0
52.0,46.75,5.0,12592.5345,1.0,0.0,1.0,0.0,0.0,0.0,0.0,1.0,0.0,0.0
26.0,29.45,0.0,2897.3235,0.0,1.0,1.0,0.0,0.0,1.0,0.0,0.0,0.0,0.0
31.0,32.68,1.0,4738.2682,1.0,0.0,1.0,0.0,0.0,0.0,1.0,0.0,0.0,0.0
33.0,33.5,0.0,37079.372,1.0,0.0,0.0,1.0,0.0,0.0,0.0,0.0,1.0,0.0
18.0,43.01,0.0,1149.3959,0.0,1.0,1.0,0.0,0.0,0.0,0.0,1.0,0.0,0.0
59.0,36.52,1.0,28287.89766,1.0,0.0,1.0,0.0,0.0,0.0,0.0,1.0,0.0,0.0
56.0,26.695,1.0,26109.32905,0.0,1.0,0.0,1.0,0.0,0.0,1.0,0.0,0.0,0.0
45.0,33.1,0.0,7345.084,1.0,0.0,1.0,0.0,0.0,0.0,0.0,0.0,1.0,0.0
60.0,29.64,0.0,12730.9996,0.0,1.0,1.0,0.0,0.0,1.0,0.0,0.0,0.0,0.0
56.0,25.65,0.0,11454.0215,1.0,0.0,1.0,0.0,0.0,0.0,1.0,0.0,0.0,0.0
40.0,29.6,0.0,5910.944,1.0,0.0,1.0,0.0,0.0,0.0,0.0,0.0,1.0,0.0
35.0,38.6,1.0,4762.329,0.0,1.0,1.0,0.0,0.0,0.0,0.0,0.0,1.0,0.0
39.0,29.6,4.0,7512.267,0.0,1.0,1.0,0.0,0.0,0.0,0.0,0.0,1.0,0.0
30.0,24.13,1.0,4032.2407,0.0,1.0,1.0,0.0,0.0,0.0,1.0,0.0,0.0,0.0
24.0,23.4,0.0,1969.614,0.0,1.0,1.0,0.0,0.0,0.0,0.0,0.0,1.0,0.0
20.0,29.735,0.0,1769.53165,0.0,1.0,1.0,0.0,0.0,0.0,1.0,0.0,0.0,0.0
32.0,46.53,2.0,4686.3887,0.0,1.0,1.0,0.0,0.0,0.0,0.0,1.0,0.0,0.0
59.0,37.4,0.0,21797.0004,0.0,1.0,1.0,0.0,0.0,0.0,0.0,0.0,1.0,0.0
55.0,30.14,2.0,11881.9696,1.0,0.0,1.0,0.0,0.0,0.0,0.0,1.0,0.0,0.0
57.0,30.495,0.0,11840.77505,1.0,0.0,1.0,0.0,0.0,0.0,1.0,0.0,0.0,0.0
56.0,39.6,0.0,10601.412,0.0,1.0,1.0,0.0,0.0,0.0,0.0,0.0,1.0,0.0
40.0,33.0,3.0,7682.67,1.0,0.0,1.0,0.0,0.0,0.0,0.0,1.0,0.0,0.0
49.0,36.63,3.0,10381.4787,1.0,0.0,1.0,0.0,0.0,0.0,0.0,1.0,0.0,0.0
42.0,30.0,0.0,22144.032,0.0,1.0,0.0,1.0,0.0,0.0,0.0,0.0,1.0,0.0
62.0,38.095,2.0,15230.32405,1.0,0.0,1.0,0.0,0.0,1.0,0.0,0.0,0.0,0.0
56.0,25.935,0.0,11165.41765,0.0,1.0,1.0,0.0,0.0,1.0,0.0,0.0,0.0,0.0
19.0,25.175,0.0,1632.03625,0.0,1.0,1.0,0.0,0.0,0.0,1.0,0.0,0.0,0.0
30.0,28.38,1.0,19521.9682,1.0,0.0,0.0,1.0,0.0,0.0,0.0,1.0,0.0,0.0
60.0,28.7,1.0,13224.693,1.0,0.0,1.0,0.0,0.0,0.0,0.0,0.0,1.0,0.0
56.0,33.82,2.0,12643.3778,1.0,0.0,1.0,0.0,0.0,0.0,1.0,0.0,0.0,0.0
28.0,24.32,1.0,23288.9284,1.0,0.0,1.0,0.0,0.0,1.0,0.0,0.0,0.0,0.0
18.0,24.09,1.0,2201.0971,1.0,0.0,1.0,0.0,0.0,0.0,0.0,1.0,0.0,0.0
27.0,32.67,0.0,2497.0383,0.0,1.0,1.0,0.0,0.0,0.0,0.0,1.0,0.0,0.0
18.0,30.115,0.0,2203.47185,1.0,0.0,1.0,0.0,0.0,1.0,0.0,0.0,0.0,0.0
19.0,29.8,0.0,1744.465,1.0,0.0,1.0,0.0,0.0,0.0,0.0,0.0,1.0,0.0
47.0,33.345,0.0,20878.78443,1.0,0.0,1.0,0.0,0.0,1.0,0.0,0.0,0.0,0.0
54.0,25.1,3.0,25382.297,0.0,1.0,0.0,1.0,0.0,0.0,0.0,0.0,1.0,0.0
61.0,28.31,1.0,28868.6639,0.0,1.0,0.0,1.0,0.0,0.0,1.0,0.0,0.0,0.0
24.0,28.5,0.0,35147.52848,0.0,1.0,0.0,1.0,0.0,1.0,0.0,0.0,0.0,0.0
25.0,35.625,0.0,2534.39375,0.0,1.0,1.0,0.0,0.0,0.0,1.0,0.0,0.0,0.0
21.0,36.85,0.0,1534.3045,0.0,1.0,1.0,0.0,0.0,0.0,0.0,1.0,0.0,0.0
23.0,32.56,0.0,1824.2854,0.0,1.0,1.0,0.0,0.0,0.0,0.0,1.0,0.0,0.0
63.0,41.325,3.0,15555.18875,0.0,1.0,1.0,0.0,0.0,0.0,1.0,0.0,0.0,0.0
49.0,37.51,2.0,9304.7019,0.0,1.0,1.0,0.0,0.0,0.0,0.0,1.0,0.0,0.0
18.0,31.35,0.0,1622.1885,1.0,0.0,1.0,0.0,0.0,0.0,0.0,1.0,0.0,0.0
51.0,39.5,1.0,9880.068,1.0,0.0,1.0,0.0,0.0,0.0,0.0,0.0,1.0,0.0
48.0,34.3,3.0,9563.029,0.0,1.0,1.0,0.0,0.0,0.0,0.0,0.0,1.0,0.0
31.0,31.065,0.0,4347.02335,1.0,0.0,1.0,0.0,0.0,1.0,0.0,0.0,0.0,0.0
54.0,21.47,3.0,12475.3513,1.0,0.0,1.0,0.0,0.0,0.0,1.0,0.0,0.0,0.0
19.0,28.7,0.0,1253.936,0.0,1.0,1.0,0.0,0.0,0.0,0.0,0.0,1.0,0.0
44.0,38.06,0.0,48885.13561,1.0,0.0,0.0,1.0,0.0,0.0,0.0,1.0,0.0,0.0
53.0,31.16,1.0,10461.9794,0.0,1.0,1.0,0.0,0.0,0.0,1.0,0.0,0.0,0.0
19.0,32.9,0.0,1748.774,1.0,0.0,1.0,0.0,0.0,0.0,0.0,0.0,1.0,0.0
61.0,25.08,0.0,24513.09126,1.0,0.0,1.0,0.0,0.0,0.0,0.0,1.0,0.0,0.0
18.0,25.08,0.0,2196.4732,1.0,0.0,1.0,0.0,0.0,1.0,0.0,0.0,0.0,0.0
61.0,43.4,0.0,12574.049,0.0,1.0,1.0,0.0,0.0,0.0,0.0,0.0,1.0,0.0
21.0,25.7,4.0,17942.106,0.0,1.0,0.0,1.0,0.0,0.0,0.0,0.0,1.0,0.0
20.0,27.93,0.0,1967.0227,0.0,1.0,1.0,0.0,0.0,1.0,0.0,0.0,0.0,0.0
31.0,23.6,2.0,4931.647,1.0,0.0,1.0,0.0,0.0,0.0,0.0,0.0,1.0,0.0
45.0,28.7,2.0,8027.968,0.0,1.0,1.0,0.0,0.0,0.0,0.0,0.0,1.0,0.0
44.0,23.98,2.0,8211.1002,1.0,0.0,1.0,0.0,0.0,0.0,0.0,1.0,0.0,0.0
62.0,39.2,0.0,13470.86,1.0,0.0,1.0,0.0,0.0,0.0,0.0,0.0,1.0,0.0
29.0,34.4,0.0,36197.699,0.0,1.0,0.0,1.0,0.0,0.0,0.0,0.0,1.0,0.0
43.0,26.03,0.0,6837.3687,0.0,1.0,1.0,0.0,0.0,1.0,0.0,0.0,0.0,0.0
51.0,23.21,1.0,22218.1149,0.0,1.0,0.0,1.0,0.0,0.0,0.0,1.0,0.0,0.0
19.0,30.25,0.0,32548.3405,0.0,1.0,0.0,1.0,0.0,0.0,0.0,1.0,0.0,0.0
38.0,28.93,1.0,5974.3847,1.0,0.0,1.0,0.0,0.0,0.0,0.0,1.0,0.0,0.0
37.0,30.875,3.0,6796.86325,0.0,1.0,1.0,0.0,0.0,0.0,1.0,0.0,0.0,0.0
22.0,31.35,1.0,2643.2685,0.0,1.0,1.0,0.0,0.0,0.0,1.0,0.0,0.0,0.0
21.0,23.75,2.0,3077.0955,0.0,1.0,1.0,0.0,0.0,0.0,1.0,0.0,0.0,0.0
24.0,25.27,0.0,3044.2133,1.0,0.0,1.0,0.0,0.0,1.0,0.0,0.0,0.0,0.0
57.0,28.7,0.0,11455.28,1.0,0.0,1.0,0.0,0.0,0.0,0.0,0.0,1.0,0.0
56.0,32.11,1.0,11763.0009,0.0,1.0,1.0,0.0,0.0,1.0,0.0,0.0,0.0,0.0
27.0,33.66,0.0,2498.4144,0.0,1.0,1.0,0.0,0.0,0.0,0.0,1.0,0.0,0.0
51.0,22.42,0.0,9361.3268,0.0,1.0,1.0,0.0,0.0,1.0,0.0,0.0,0.0,0.0
19.0,30.4,0.0,1256.299,0.0,1.0,1.0,0.0,0.0,0.0,0.0,0.0,1.0,0.0
39.0,28.3,1.0,21082.16,0.0,1.0,0.0,1.0,0.0,0.0,0.0,0.0,1.0,0.0
58.0,35.7,0.0,11362.755,0.0,1.0,1.0,0.0,0.0,0.0,0.0,0.0,1.0,0.0
20.0,35.31,1.0,27724.28875,0.0,1.0,1.0,0.0,0.0,0.0,0.0,1.0,0.0,0.0
45.0,30.495,2.0,8413.46305,0.0,1.0,1.0,0.0,0.0,0.0,1.0,0.0,0.0,0.0
35.0,31.0,1.0,5240.765,1.0,0.0,1.0,0.0,0.0,0.0,0.0,0.0,1.0,0.0
31.0,30.875,0.0,3857.75925,0.0,1.0,1.0,0.0,0.0,1.0,0.0,0.0,0.0,0.0
50.0,27.36,0.0,25656.57526,1.0,0.0,1.0,0.0,0.0,1.0,0.0,0.0,0.0,0.0
32.0,44.22,0.0,3994.1778,1.0,0.0,1.0,0.0,0.0,0.0,0.0,1.0,0.0,0.0
51.0,33.915,0.0,9866.30485,1.0,0.0,1.0,0.0,0.0,1.0,0.0,0.0,0.0,0.0
38.0,37.73,0.0,5397.6167,1.0,0.0,1.0,0.0,0.0,0.0,0.0,1.0,0.0,0.0
42.0,26.07,1.0,38245.59327,0.0,1.0,0.0,1.0,0.0,0.0,0.0,1.0,0.0,0.0
18.0,33.88,0.0,11482.63485,1.0,0.0,1.0,0.0,0.0,0.0,0.0,1.0,0.0,0.0
19.0,30.59,2.0,24059.68019,1.0,0.0,1.0,0.0,0.0,0.0,1.0,0.0,0.0,0.0
51.0,25.8,1.0,9861.025,1.0,0.0,1.0,0.0,0.0,0.0,0.0,0.0,1.0,0.0
46.0,39.425,1.0,8342.90875,0.0,1.0,1.0,0.0,0.0,1.0,0.0,0.0,0.0,0.0
18.0,25.46,0.0,1708.0014,0.0,1.0,1.0,0.0,0.0,1.0,0.0,0.0,0.0,0.0
57.0,42.13,1.0,48675.5177,0.0,1.0,0.0,1.0,0.0,0.0,0.0,1.0,0.0,0.0
62.0,31.73,0.0,14043.4767,1.0,0.0,1.0,0.0,0.0,1.0,0.0,0.0,0.0,0.0
59.0,29.7,2.0,12925.886,0.0,1.0,1.0,0.0,0.0,0.0,0.0,1.0,0.0,0.0
37.0,36.19,0.0,19214.70553,0.0,1.0,1.0,0.0,0.0,0.0,0.0,1.0,0.0,0.0
64.0,40.48,0.0,13831.1152,0.0,1.0,1.0,0.0,0.0,0.0,0.0,1.0,0.0,0.0
38.0,28.025,1.0,6067.12675,0.0,1.0,1.0,0.0,0.0,1.0,0.0,0.0,0.0,0.0
33.0,38.9,3.0,5972.378,1.0,0.0,1.0,0.0,0.0,0.0,0.0,0.0,1.0,0.0
46.0,30.2,2.0,8825.086,1.0,0.0,1.0,0.0,0.0,0.0,0.0,0.0,1.0,0.0
46.0,28.05,1.0,8233.0975,1.0,0.0,1.0,0.0,0.0,0.0,0.0,1.0,0.0,0.0
53.0,31.35,0.0,27346.04207,0.0,1.0,1.0,0.0,0.0,0.0,0.0,1.0,0.0,0.0
34.0,38.0,3.0,6196.448,1.0,0.0,1.0,0.0,0.0,0.0,0.0,0.0,1.0,0.0
20.0,31.79,2.0,3056.3881,1.0,0.0,1.0,0.0,0.0,0.0,0.0,1.0,0.0,0.0
63.0,36.3,0.0,13887.204,1.0,0.0,1.0,0.0,0.0,0.0,0.0,1.0,0.0,0.0
54.0,47.41,0.0,63770.42801,1.0,0.0,0.0,1.0,0.0,0.0,0.0,1.0,0.0,0.0
54.0,30.21,0.0,10231.4999,0.0,1.0,1.0,0.0,0.0,0.0,1.0,0.0,0.0,0.0
49.0,25.84,2.0,23807.2406,0.0,1.0,0.0,1.0,0.0,0.0,1.0,0.0,0.0,0.0
28.0,35.435,0.0,3268.84665,0.0,1.0,1.0,0.0,0.0,1.0,0.0,0.0,0.0,0.0
54.0,46.7,2.0,11538.421,1.0,0.0,1.0,0.0,0.0,0.0,0.0,0.0,1.0,0.0
25.0,28.595,0.0,3213.62205,1.0,0.0,1.0,0.0,0.0,1.0,0.0,0.0,0.0,0.0
43.0,46.2,0.0,45863.205,1.0,0.0,0.0,1.0,0.0,0.0,0.0,1.0,0.0,0.0
63.0,30.8,0.0,13390.559,0.0,1.0,1.0,0.0,0.0,0.0,0.0,0.0,1.0,0.0
32.0,28.93,0.0,3972.9247,1.0,0.0,1.0,0.0,0.0,0.0,0.0,1.0,0.0,0.0
62.0,21.4,0.0,12957.118,0.0,1.0,1.0,0.0,0.0,0.0,0.0,0.0,1.0,0.0
52.0,31.73,2.0,11187.6567,1.0,0.0,1.0,0.0,0.0,0.0,1.0,0.0,0.0,0.0
25.0,41.325,0.0,17878.90068,1.0,0.0,1.0,0.0,0.0,1.0,0.0,0.0,0.0,0.0
28.0,23.8,2.0,3847.674,0.0,1.0,1.0,0.0,0.0,0.0,0.0,0.0,1.0,0.0
46.0,33.44,1.0,8334.5896,0.0,1.0,1.0,0.0,0.0,1.0,0.0,0.0,0.0,0.0
34.0,34.21,0.0,3935.1799,0.0,1.0,1.0,0.0,0.0,0.0,0.0,1.0,0.0,0.0
35.0,34.105,3.0,39983.42595,1.0,0.0,0.0,1.0,0.0,0.0,1.0,0.0,0.0,0.0
19.0,35.53,0.0,1646.4297,0.0,1.0,1.0,0.0,0.0,0.0,1.0,0.0,0.0,0.0
46.0,19.95,2.0,9193.8385,1.0,0.0,1.0,0.0,0.0,0.0,1.0,0.0,0.0,0.0
54.0,32.68,0.0,10923.9332,1.0,0.0,1.0,0.0,0.0,1.0,0.0,0.0,0.0,0.0
27.0,30.5,0.0,2494.022,0.0,1.0,1.0,0.0,0.0,0.0,0.0,0.0,1.0,0.0
50.0,44.77,1.0,9058.7303,0.0,1.0,1.0,0.0,0.0,0.0,0.0,1.0,0.0,0.0
18.0,32.12,2.0,2801.2588,1.0,0.0,1.0,0.0,0.0,0.0,0.0,1.0,0.0,0.0
19.0,30.495,0.0,2128.43105,1.0,0.0,1.0,0.0,0.0,0.0,1.0,0.0,0.0,0.0
38.0,40.565,1.0,6373.55735,1.0,0.0,1.0,0.0,0.0,0.0,1.0,0.0,0.0,0.0
41.0,30.59,2.0,7256.7231,0.0,1.0,1.0,0.0,0.0,0.0,1.0,0.0,0.0,0.0
49.0,31.9,5.0,11552.904,1.0,0.0,1.0,0.0,0.0,0.0,0.0,0.0,1.0,0.0
48.0,40.565,2.0,45702.02235,0.0,1.0,0.0,1.0,0.0,0.0,1.0,0.0,0.0,0.0
31.0,29.1,0.0,3761.292,1.0,0.0,1.0,0.0,0.0,0.0,0.0,0.0,1.0,0.0
18.0,37.29,1.0,2219.4451,1.0,0.0,1.0,0.0,0.0,0.0,0.0,1.0,0.0,0.0
30.0,43.12,2.0,4753.6368,1.0,0.0,1.0,0.0,0.0,0.0,0.0,1.0,0.0,0.0
62.0,36.86,1.0,31620.00106,1.0,0.0,1.0,0.0,0.0,1.0,0.0,0.0,0.0,0.0
57.0,34.295,2.0,13224.05705,1.0,0.0,1.0,0.0,0.0,1.0,0.0,0.0,0.0,0.0
58.0,27.17,0.0,12222.8983,1.0,0.0,1.0,0.0,0.0,0.0,1.0,0.0,0.0,0.0
22.0,26.84,0.0,1664.9996,0.0,1.0,1.0,0.0,0.0,0.0,0.0,1.0,0.0,0.0
31.0,38.095,1.0,58571.07448,1.0,0.0,0.0,1.0,0.0,1.0,0.0,0.0,0.0,0.0
52.0,30.2,1.0,9724.53,0.0,1.0,1.0,0.0,0.0,0.0,0.0,0.0,1.0,0.0
25.0,23.465,0.0,3206.49135,1.0,0.0,1.0,0.0,0.0,1.0,0.0,0.0,0.0,0.0
59.0,25.46,1.0,12913.9924,0.0,1.0,1.0,0.0,0.0,1.0,0.0,0.0,0.0,0.0
39.0,45.43,2.0,6356.2707,1.0,0.0,1.0,0.0,0.0,0.0,0.0,1.0,0.0,0.0
32.0,23.65,1.0,17626.23951,0.0,1.0,1.0,0.0,0.0,0.0,0.0,0.0,1.0,0.0
19.0,20.7,0.0,1242.816,1.0,0.0,1.0,0.0,0.0,0.0,0.0,1.0,0.0,0.0
33.0,28.27,1.0,4779.6023,0.0,1.0,1.0,0.0,0.0,1.0,0.0,0.0,0.0,0.0
21.0,20.235,3.0,3861.20965,1.0,0.0,0.0,1.0,0.0,0.0,1.0,0.0,0.0,0.0
34.0,30.21,1.0,43943.8761,1.0,0.0,1.0,0.0,0.0,1.0,0.0,0.0,0.0,0.0
61.0,35.91,0.0,13635.6379,1.0,0.0,1.0,0.0,0.0,0.0,0.0,1.0,0.0,0.0
38.0,30.69,1.0,5976.8311,1.0,0.0,1.0,0.0,0.0,0.0,0.0,0.0,1.0,0.0
58.0,29.0,0.0,11842.442,0.0,1.0,1.0,0.0,0.0,0.0,1.0,0.0,0.0,0.0
47.0,19.57,1.0,8428.0693,0.0,1.0,1.0,0.0,0.0,0.0,0.0,1.0,0.0,0.0
20.0,31.13,2.0,2566.4707,1.0,0.0,0.0,1.0,0.0,1.0,0.0,0.0,0.0,0.0
21.0,21.85,1.0,15359.1045,0.0,1.0,1.0,0.0,0.0,0.0,0.0,1.0,0.0,0.0
41.0,40.26,0.0,5709.1644,1.0,0.0,1.0,0.0,0.0,1.0,0.0,0.0,0.0,0.0
46.0,33.725,1.0,8823.98575,1.0,0.0,1.0,0.0,0.0,0.0,0.0,1.0,0.0,0.0
42.0,29.48,2.0,7640.3092,1.0,0.0,1.0,0.0,0.0,1.0,0.0,0.0,0.0,0.0
34.0,33.25,1.0,5594.8455,0.0,1.0,1.0,0.0,0.0,0.0,0.0,0.0,1.0,0.0
43.0,32.6,2.0,7441.501,1.0,0.0,1.0,0.0,0.0,0.0,1.0,0.0,0.0,0.0
52.0,37.525,2.0,33471.97189,1.0,0.0,1.0,0.0,0.0,0.0,0.0,1.0,0.0,0.0
18.0,39.16,0.0,1633.0444,0.0,1.0,1.0,0.0,0.0,0.0,1.0,0.0,0.0,0.0
51.0,31.635,0.0,9174.13565,1.0,0.0,1.0,0.0,0.0,0.0,0.0,0.0,1.0,0.0
56.0,25.3,0.0,11070.535,1.0,0.0,1.0,0.0,0.0,0.0,0.0,1.0,0.0,0.0
64.0,39.05,3.0,16085.1275,1.0,0.0,0.0,1.0,0.0,0.0,1.0,0.0,0.0,0.0
19.0,28.31,0.0,17468.9839,1.0,0.0,1.0,0.0,0.0,0.0,0.0,1.0,0.0,0.0
51.0,34.1,0.0,9283.562,1.0,0.0,1.0,0.0,0.0,1.0,0.0,0.0,0.0,0.0
27.0,25.175,0.0,3558.62025,1.0,0.0,0.0,1.0,0.0,0.0,1.0,0.0,0.0,0.0
59.0,23.655,0.0,25678.77845,0.0,1.0,1.0,0.0,0.0,1.0,0.0,0.0,0.0,0.0
28.0,26.98,2.0,4435.0942,0.0,1.0,0.0,1.0,0.0,0.0,0.0,0.0,1.0,0.0
30.0,37.8,2.0,39241.442,1.0,0.0,1.0,0.0,0.0,0.0,0.0,1.0,0.0,0.0
47.0,29.37,1.0,8547.6913,1.0,0.0,1.0,0.0,0.0,0.0,0.0,0.0,1.0,0.0
38.0,34.8,2.0,6571.544,1.0,0.0,1.0,0.0,0.0,1.0,0.0,0.0,0.0,0.0
18.0,33.155,0.0,2207.69745,1.0,0.0,1.0,0.0,0.0,1.0,0.0,0.0,0.0,0.0
34.0,19.0,3.0,6753.038,1.0,0.0,1.0,0.0,0.0,0.0,0.0,1.0,0.0,0.0
20.0,33.0,0.0,1880.07,1.0,0.0,0.0,1.0,0.0,0.0,0.0,1.0,0.0,0.0
47.0,36.63,1.0,42969.8527,1.0,0.0,1.0,0.0,0.0,1.0,0.0,0.0,0.0,0.0
56.0,28.595,0.0,11658.11505,0.0,1.0,0.0,1.0,0.0,0.0,0.0,0.0,1.0,0.0
49.0,25.6,2.0,23306.547,1.0,0.0,0.0,1.0,0.0,0.0,0.0,1.0,0.0,0.0
19.0,33.11,0.0,34439.8559,1.0,0.0,1.0,0.0,0.0,0.0,0.0,0.0,1.0,0.0
55.0,37.1,0.0,10713.644,0.0,1.0,1.0,0.0,0.0,0.0,0.0,0.0,1.0,0.0
30.0,31.4,1.0,3659.346,0.0,1.0,0.0,1.0,0.0,0.0,0.0,0.0,1.0,0.0
37.0,34.1,4.0,40182.246,1.0,0.0,1.0,0.0,0.0,0.0,0.0,0.0,1.0,0.0
49.0,21.3,1.0,9182.17,0.0,1.0,0.0,1.0,0.0,1.0,0.0,0.0,0.0,0.0
18.0,33.535,0.0,34617.84065,0.0,1.0,1.0,0.0,0.0,0.0,1.0,0.0,0.0,0.0
59.0,28.785,0.0,12129.61415,1.0,0.0,1.0,0.0,0.0,0.0,1.0,0.0,0.0,0.0
29.0,26.03,0.0,3736.4647,0.0,1.0,1.0,0.0,0.0,1.0,0.0,0.0,0.0,0.0
36.0,28.88,3.0,6748.5912,0.0,1.0,1.0,0.0,0.0,0.0,0.0,1.0,0.0,0.0
33.0,42.46,1.0,11326.71487,0.0,1.0,1.0,0.0,0.0,0.0,0.0,0.0,1.0,0.0
58.0,38.0,0.0,11365.952,1.0,0.0,0.0,1.0,0.0,0.0,1.0,0.0,0.0,0.0
44.0,38.95,0.0,42983.4585,0.0,1.0,1.0,0.0,0.0,0.0,0.0,0.0,1.0,0.0
53.0,36.1,1.0,10085.846,0.0,1.0,1.0,0.0,0.0,0.0,0.0,0.0,1.0,0.0
24.0,29.3,0.0,1977.815,1.0,0.0,1.0,0.0,0.0,0.0,0.0,1.0,0.0,0.0
29.0,35.53,0.0,3366.6697,0.0,1.0,1.0,0.0,0.0,1.0,0.0,0.0,0.0,0.0
40.0,22.705,2.0,7173.35995,0.0,1.0,1.0,0.0,0.0,0.0,0.0,0.0,1.0,0.0
51.0,39.7,1.0,9391.346,0.0,1.0,1.0,0.0,0.0,1.0,0.0,0.0,0.0,0.0
64.0,38.19,0.0,14410.9321,1.0,0.0,1.0,0.0,0.0,0.0,1.0,0.0,0.0,0.0
19.0,24.51,1.0,2709.1119,1.0,0.0,1.0,0.0,0.0,1.0,0.0,0.0,0.0,0.0
35.0,38.095,2.0,24915.04626,0.0,1.0,0.0,1.0,0.0,1.0,0.0,0.0,0.0,0.0
39.0,26.41,0.0,20149.3229,0.0,1.0,1.0,0.0,0.0,0.0,0.0,1.0,0.0,0.0
56.0,33.66,4.0,12949.1554,0.0,1.0,1.0,0.0,0.0,0.0,0.0,0.0,1.0,0.0
33.0,42.4,5.0,6666.243,0.0,1.0,0.0,1.0,0.0,0.0,1.0,0.0,0.0,0.0
42.0,28.31,3.0,32787.45859,0.0,1.0,1.0,0.0,0.0,1.0,0.0,0.0,0.0,0.0
61.0,33.915,0.0,13143.86485,1.0,0.0,1.0,0.0,0.0,0.0,1.0,0.0,0.0,0.0
23.0,34.96,3.0,4466.6214,0.0,1.0,1.0,0.0,0.0,0.0,0.0,1.0,0.0,0.0
43.0,35.31,2.0,18806.14547,0.0,1.0,1.0,0.0,0.0,1.0,0.0,0.0,0.0,0.0
48.0,30.78,3.0,10141.1362,0.0,1.0,1.0,0.0,0.0,0.0,1.0,0.0,0.0,0.0
39.0,26.22,1.0,6123.5688,1.0,0.0,1.0,0.0,0.0,1.0,0.0,0.0,0.0,0.0
40.0,23.37,3.0,8252.2843,0.0,1.0,1.0,0.0,0.0,1.0,0.0,0.0,0.0,0.0
18.0,28.5,0.0,1712.227,1.0,0.0,1.0,0.0,0.0,1.0,0.0,0.0,0.0,0.0
58.0,32.965,0.0,12430.95335,1.0,0.0,1.0,0.0,0.0,0.0,0.0,1.0,0.0,0.0
49.0,42.68,2.0,9800.8882,1.0,0.0,1.0,0.0,0.0,0.0,0.0,1.0,0.0,0.0
53.0,39.6,1.0,10579.711,1.0,0.0,1.0,0.0,0.0,0.0,0.0,1.0,0.0,0.0
48.0,31.13,0.0,8280.6227,1.0,0.0,1.0,0.0,0.0,0.0,0.0,1.0,0.0,0.0
45.0,36.3,2.0,8527.532,1.0,0.0,1.0,0.0,0.0,0.0,0.0,1.0,0.0,0.0
59.0,35.2,0.0,12244.531,1.0,0.0,0.0,1.0,0.0,0.0,0.0,1.0,0.0,0.0
52.0,25.3,2.0,24667.419,1.0,0.0,1.0,0.0,0.0,0.0,0.0,0.0,1.0,0.0
26.0,42.4,1.0,3410.324,0.0,1.0,1.0,0.0,0.0,0.0,1.0,0.0,0.0,0.0
27.0,33.155,2.0,4058.71245,1.0,0.0,1.0,0.0,0.0,1.0,0.0,0.0,0.0,0.0
48.0,35.91,1.0,26392.26029,1.0,0.0,1.0,0.0,0.0,1.0,0.0,0.0,0.0,0.0
57.0,28.785,4.0,14394.39815,0.0,1.0,1.0,0.0,0.0,0.0,0.0,1.0,0.0,0.0
37.0,46.53,3.0,6435.6237,1.0,0.0,1.0,0.0,0.0,0.0,0.0,1.0,0.0,0.0
57.0,23.98,1.0,22192.43711,1.0,0.0,1.0,0.0,0.0,1.0,0.0,0.0,0.0,0.0
32.0,31.54,1.0,5148.5526,0.0,1.0,1.0,0.0,0.0,0.0,0.0,1.0,0.0,0.0
18.0,33.66,0.0,1136.3994,1.0,0.0,0.0,1.0,0.0,0.0,0.0,1.0,0.0,0.0
64.0,22.99,0.0,27037.9141,0.0,1.0,0.0,1.0,0.0,0.0,0.0,1.0,0.0,0.0
43.0,38.06,2.0,42560.4304,0.0,1.0,1.0,0.0,0.0,0.0,0.0,0.0,1.0,0.0
49.0,28.7,1.0,8703.456,1.0,0.0,0.0,1.0,0.0,0.0,1.0,0.0,0.0,0.0
40.0,32.775,2.0,40003.33225,0.0,1.0,0.0,1.0,0.0,1.0,0.0,0.0,0.0,0.0
62.0,32.015,0.0,45710.20785,1.0,0.0,1.0,0.0,0.0,0.0,0.0,1.0,0.0,0.0
40.0,29.81,1.0,6500.2359,0.0,1.0,1.0,0.0,0.0,0.0,0.0,1.0,0.0,0.0
30.0,31.57,3.0,4837.5823,1.0,0.0,1.0,0.0,0.0,1.0,0.0,0.0,0.0,0.0
29.0,31.16,0.0,3943.5954,0.0,1.0,1.0,0.0,0.0,0.0,0.0,1.0,0.0,0.0
36.0,29.7,0.0,4399.731,1.0,0.0,1.0,0.0,0.0,0.0,0.0,1.0,0.0,0.0
41.0,31.02,0.0,6185.3208,1.0,0.0,0.0,1.0,0.0,0.0,0.0,1.0,0.0,0.0
44.0,43.89,2.0,46200.9851,0.0,1.0,1.0,0.0,0.0,0.0,1.0,0.0,0.0,0.0
45.0,21.375,0.0,7222.78625,1.0,0.0,1.0,0.0,0.0,0.0,0.0,1.0,0.0,0.0
55.0,40.81,3.0,12485.8009,0.0,1.0,0.0,1.0,0.0,0.0,1.0,0.0,0.0,0.0
60.0,31.35,3.0,46130.5265,0.0,1.0,1.0,0.0,0.0,0.0,0.0,0.0,1.0,0.0
56.0,36.1,3.0,12363.547,1.0,0.0,1.0,0.0,0.0,0.0,1.0,0.0,0.0,0.0
49.0,23.18,2.0,10156.7832,1.0,0.0,1.0,0.0,0.0,0.0,0.0,0.0,1.0,0.0
21.0,17.4,1.0,2585.269,0.0,1.0,1.0,0.0,0.0,0.0,0.0,0.0,1.0,0.0
19.0,20.3,0.0,1242.26,0.0,1.0,0.0,1.0,0.0,0.0,0.0,0.0,1.0,0.0
39.0,35.3,2.0,40103.89,0.0,1.0,1.0,0.0,0.0,0.0,1.0,0.0,0.0,0.0
53.0,24.32,0.0,9863.4718,1.0,0.0,1.0,0.0,0.0,0.0,0.0,0.0,1.0,0.0
33.0,18.5,1.0,4766.022,0.0,1.0,1.0,0.0,0.0,1.0,0.0,0.0,0.0,0.0
53.0,26.41,2.0,11244.3769,0.0,1.0,1.0,0.0,0.0,1.0,0.0,0.0,0.0,0.0
42.0,26.125,2.0,7729.64575,0.0,1.0,1.0,0.0,0.0,0.0,0.0,1.0,0.0,0.0
40.0,41.69,0.0,5438.7491,1.0,0.0,1.0,0.0,0.0,0.0,0.0,0.0,1.0,0.0
47.0,24.1,1.0,26236.57997,0.0,1.0,0.0,1.0,0.0,0.0,0.0,1.0,0.0,0.0
27.0,31.13,1.0,34806.4677,0.0,1.0,1.0,0.0,0.0,1.0,0.0,0.0,0.0,0.0
21.0,27.36,0.0,2104.1134,0.0,1.0,1.0,0.0,0.0,0.0,0.0,0.0,1.0,0.0
47.0,36.2,1.0,8068.185,0.0,1.0,1.0,0.0,0.0,0.0,1.0,0.0,0.0,0.0
20.0,32.395,1.0,2362.22905,0.0,1.0,1.0,0.0,0.0,0.0,1.0,0.0,0.0,0.0
24.0,23.655,0.0,2352.96845,1.0,0.0,1.0,0.0,0.0,0.0,0.0,0.0,1.0,0.0
27.0,34.8,1.0,3577.999,1.0,0.0,1.0,0.0,0.0,0.0,1.0,0.0,0.0,0.0
26.0,40.185,0.0,3201.24515,1.0,0.0,1.0,0.0,0.0,1.0,0.0,0.0,0.0,0.0
53.0,32.3,2.0,29186.48236,0.0,1.0,0.0,1.0,0.0,0.0,0.0,1.0,0.0,0.0
41.0,35.75,1.0,40273.6455,0.0,1.0,1.0,0.0,0.0,0.0,1.0,0.0,0.0,0.0
56.0,33.725,0.0,10976.24575,1.0,0.0,1.0,0.0,0.0,0.0,0.0,1.0,0.0,0.0
23.0,39.27,2.0,3500.6123,1.0,0.0,1.0,0.0,0.0,0.0,0.0,1.0,0.0,0.0
21.0,34.87,0.0,2020.5523,1.0,0.0,1.0,0.0,0.0,1.0,0.0,0.0,0.0,0.0
50.0,44.745,0.0,9541.69555,0.0,1.0,1.0,0.0,0.0,0.0,0.0,1.0,0.0,0.0
53.0,41.47,0.0,9504.3103,1.0,0.0,1.0,0.0,0.0,0.0,1.0,0.0,0.0,0.0
34.0,26.41,1.0,5385.3379,1.0,0.0,1.0,0.0,0.0,0.0,1.0,0.0,0.0,0.0
47.0,29.545,1.0,8930.93455,1.0,0.0,1.0,0.0,0.0,0.0,0.0,0.0,1.0,0.0
33.0,32.9,2.0,5375.038,1.0,0.0,0.0,1.0,0.0,0.0,0.0,1.0,0.0,0.0
51.0,38.06,0.0,44400.4064,0.0,1.0,1.0,0.0,0.0,0.0,1.0,0.0,0.0,0.0
49.0,28.69,3.0,10264.4421,1.0,0.0,1.0,0.0,0.0,1.0,0.0,0.0,0.0,0.0
31.0,30.495,3.0,6113.23105,1.0,0.0,1.0,0.0,0.0,1.0,0.0,0.0,0.0,0.0
36.0,27.74,0.0,5469.0066,0.0,1.0,1.0,0.0,0.0,0.0,0.0,1.0,0.0,0.0
18.0,35.2,1.0,1727.54,1.0,0.0,1.0,0.0,0.0,0.0,0.0,1.0,0.0,0.0
50.0,23.54,2.0,10107.2206,1.0,0.0,1.0,0.0,0.0,0.0,1.0,0.0,0.0,0.0
43.0,30.685,2.0,8310.83915,0.0,1.0,1.0,0.0,0.0,1.0,0.0,0.0,0.0,0.0
20.0,40.47,0.0,1984.4533,1.0,0.0,1.0,0.0,0.0,0.0,0.0,0.0,1.0,0.0
24.0,22.6,0.0,2457.502,0.0,1.0,1.0,0.0,0.0,0.0,0.0,0.0,1.0,0.0
60.0,28.9,0.0,12146.971,1.0,0.0,1.0,0.0,0.0,0.0,1.0,0.0,0.0,0.0
49.0,22.61,1.0,9566.9909,0.0,1.0,1.0,0.0,0.0,0.0,1.0,0.0,0.0,0.0
60.0,24.32,1.0,13112.6048,1.0,0.0,1.0,0.0,0.0,0.0,1.0,0.0,0.0,0.0
51.0,36.67,2.0,10848.1343,1.0,0.0,1.0,0.0,0.0,0.0,1.0,0.0,0.0,0.0
58.0,33.44,0.0,12231.6136,1.0,0.0,1.0,0.0,0.0,1.0,0.0,0.0,0.0,0.0
51.0,40.66,0.0,9875.6804,0.0,1.0,1.0,0.0,0.0,0.0,0.0,0.0,1.0,0.0
53.0,36.6,3.0,11264.541,0.0,1.0,1.0,0.0,0.0,0.0,0.0,0.0,1.0,0.0
62.0,37.4,0.0,12979.358,0.0,1.0,1.0,0.0,0.0,0.0,0.0,0.0,1.0,0.0
19.0,35.4,0.0,1263.249,1.0,0.0,1.0,0.0,0.0,1.0,0.0,0.0,0.0,0.0
50.0,27.075,1.0,10106.13425,1.0,0.0,0.0,1.0,0.0,0.0,0.0,1.0,0.0,0.0
30.0,39.05,3.0,40932.4295,0.0,1.0,1.0,0.0,0.0,0.0,1.0,0.0,0.0,0.0
41.0,28.405,1.0,6664.68595,1.0,0.0,0.0,1.0,0.0,1.0,0.0,0.0,0.0,0.0
29.0,21.755,1.0,16657.71745,1.0,0.0,1.0,0.0,0.0,1.0,0.0,0.0,0.0,0.0
18.0,40.28,0.0,2217.6012,1.0,0.0,1.0,0.0,0.0,0.0,0.0,1.0,0.0,0.0
41.0,36.08,1.0,6781.3542,0.0,1.0,0.0,1.0,0.0,0.0,0.0,1.0,0.0,0.0
35.0,24.42,3.0,19361.9988,0.0,1.0,1.0,0.0,0.0,0.0,0.0,0.0,1.0,0.0
53.0,21.4,1.0,10065.413,1.0,0.0,1.0,0.0,0.0,0.0,0.0,0.0,1.0,0.0
24.0,30.1,3.0,4234.927,1.0,0.0,1.0,0.0,0.0,1.0,0.0,0.0,0.0,0.0
48.0,27.265,1.0,9447.25035,1.0,0.0,1.0,0.0,0.0,0.0,0.0,0.0,1.0,0.0
59.0,32.1,3.0,14007.222,1.0,0.0,1.0,0.0,0.0,0.0,1.0,0.0,0.0,0.0
49.0,34.77,1.0,9583.8933,1.0,0.0,0.0,1.0,0.0,0.0,0.0,1.0,0.0,0.0
37.0,38.39,0.0,40419.0191,0.0,1.0,1.0,0.0,0.0,0.0,0.0,0.0,1.0,0.0
26.0,23.7,2.0,3484.331,0.0,1.0,0.0,1.0,0.0,1.0,0.0,0.0,0.0,0.0
23.0,31.73,3.0,36189.1017,0.0,1.0,0.0,1.0,0.0,0.0,0.0,0.0,1.0,0.0
29.0,35.5,2.0,44585.45587,0.0,1.0,1.0,0.0,0.0,1.0,0.0,0.0,0.0,0.0
45.0,24.035,2.0,8604.48365,0.0,1.0,0.0,1.0,0.0,0.0,0.0,1.0,0.0,0.0
27.0,29.15,0.0,18246.4955,0.0,1.0,0.0,1.0,0.0,1.0,0.0,0.0,0.0,0.0
53.0,34.105,0.0,43254.41795,1.0,0.0,1.0,0.0,0.0,0.0,0.0,1.0,0.0,0.0
31.0,26.62,0.0,3757.8448,0.0,1.0,1.0,0.0,0.0,0.0,1.0,0.0,0.0,0.0
50.0,26.41,0.0,8827.2099,1.0,0.0,1.0,0.0,0.0,0.0,1.0,0.0,0.0,0.0
50.0,30.115,1.0,9910.35985,0.0,1.0,1.0,0.0,0.0,0.0,0.0,0.0,1.0,0.0
34.0,27.0,2.0,11737.84884,0.0,1.0,1.0,0.0,0.0,0.0,1.0,0.0,0.0,0.0
19.0,21.755,0.0,1627.28245,1.0,0.0,1.0,0.0,0.0,0.0,0.0,0.0,1.0,0.0
47.0,36.0,1.0,8556.907,0.0,1.0,1.0,0.0,0.0,0.0,1.0,0.0,0.0,0.0
28.0,30.875,0.0,3062.50825,1.0,0.0,0.0,1.0,0.0,0.0,0.0,1.0,0.0,0.0
37.0,26.4,0.0,19539.243,0.0,1.0,1.0,0.0,0.0,0.0,1.0,0.0,0.0,0.0
21.0,28.975,0.0,1906.35825,0.0,1.0,1.0,0.0,0.0,0.0,1.0,0.0,0.0,0.0
64.0,37.905,0.0,14210.53595,1.0,0.0,1.0,0.0,0.0,0.0,0.0,1.0,0.0,0.0
58.0,22.77,0.0,11833.7823,0.0,1.0,1.0,0.0,0.0,1.0,0.0,0.0,0.0,0.0
24.0,33.63,4.0,17128.42608,0.0,1.0,1.0,0.0,0.0,1.0,0.0,0.0,0.0,0.0
31.0,27.645,2.0,5031.26955,1.0,0.0,1.0,0.0,0.0,1.0,0.0,0.0,0.0,0.0
39.0,22.8,3.0,7985.815,1.0,0.0,0.0,1.0,0.0,0.0,0.0,1.0,0.0,0.0
47.0,27.83,0.0,23065.4207,0.0,1.0,1.0,0.0,0.0,1.0,0.0,0.0,0.0,0.0
30.0,37.43,3.0,5428.7277,0.0,1.0,0.0,1.0,0.0,0.0,0.0,1.0,0.0,0.0
18.0,38.17,0.0,36307.7983,1.0,0.0,1.0,0.0,0.0,1.0,0.0,0.0,0.0,0.0
22.0,34.58,2.0,3925.7582,0.0,1.0,1.0,0.0,0.0,0.0,0.0,0.0,1.0,0.0
23.0,35.2,1.0,2416.955,0.0,1.0,0.0,1.0,0.0,0.0,0.0,0.0,1.0,0.0
33.0,27.1,1.0,19040.876,0.0,1.0,1.0,0.0,0.0,1.0,0.0,0.0,0.0,0.0
27.0,26.03,0.0,3070.8087,1.0,0.0,1.0,0.0,0.0,1.0,0.0,0.0,0.0,0.0
45.0,25.175,2.0,9095.06825,1.0,0.0,1.0,0.0,0.0,0.0,1.0,0.0,0.0,0.0
57.0,31.825,0.0,11842.62375,0.0,1.0,1.0,0.0,0.0,0.0,0.0,0.0,1.0,0.0
47.0,32.3,1.0,8062.764,1.0,0.0,1.0,0.0,0.0,0.0,0.0,0.0,1.0,0.0
42.0,29.0,1.0,7050.642,1.0,0.0,1.0,0.0,0.0,0.0,0.0,0.0,1.0,0.0
64.0,39.7,0.0,14319.031,1.0,0.0,1.0,0.0,0.0,0.0,1.0,0.0,0.0,0.0
38.0,19.475,2.0,6933.24225,0.0,1.0,1.0,0.0,0.0,0.0,0.0,0.0,1.0,0.0
61.0,36.1,3.0,27941.28758,1.0,0.0,1.0,0.0,0.0,0.0,0.0,0.0,1.0,0.0
53.0,26.7,2.0,11150.78,1.0,0.0,1.0,0.0,0.0,1.0,0.0,0.0,0.0,0.0
44.0,36.48,0.0,12797.20962,1.0,0.0,0.0,1.0,0.0,0.0,1.0,0.0,0.0,0.0
19.0,28.88,0.0,17748.5062,0.0,1.0,1.0,0.0,0.0,0.0,1.0,0.0,0.0,0.0
41.0,34.2,2.0,7261.741,0.0,1.0,1.0,0.0,0.0,0.0,0.0,1.0,0.0,0.0
51.0,33.33,3.0,10560.4917,0.0,1.0,1.0,0.0,0.0,0.0,1.0,0.0,0.0,0.0
40.0,32.3,2.0,6986.697,0.0,1.0,1.0,0.0,0.0,1.0,0.0,0.0,0.0,0.0
45.0,39.805,0.0,7448.40395,0.0,1.0,1.0,0.0,0.0,0.0,0.0,1.0,0.0,0.0
35.0,34.32,3.0,5934.3798,0.0,1.0,1.0,0.0,0.0,0.0,1.0,0.0,0.0,0.0
53.0,28.88,0.0,9869.8102,0.0,1.0,0.0,1.0,0.0,0.0,0.0,0.0,1.0,0.0
30.0,24.4,3.0,18259.216,0.0,1.0,1.0,0.0,0.0,0.0,0.0,1.0,0.0,0.0
18.0,41.14,0.0,1146.7966,0.0,1.0,1.0,0.0,0.0,0.0,0.0,1.0,0.0,0.0
51.0,35.97,1.0,9386.1613,1.0,0.0,0.0,1.0,0.0,0.0,0.0,0.0,1.0,0.0
50.0,27.6,1.0,24520.264,1.0,0.0,1.0,0.0,0.0,0.0,0.0,1.0,0.0,0.0
31.0,29.26,1.0,4350.5144,1.0,0.0,1.0,0.0,0.0,0.0,0.0,0.0,1.0,0.0
35.0,27.7,3.0,6414.178,0.0,1.0,1.0,0.0,0.0,1.0,0.0,0.0,0.0,0.0
60.0,36.955,0.0,12741.16745,0.0,1.0,1.0,0.0,0.0,0.0,1.0,0.0,0.0,0.0
21.0,36.86,0.0,1917.3184,0.0,1.0,1.0,0.0,0.0,1.0,0.0,0.0,0.0,0.0
29.0,22.515,3.0,5209.57885,1.0,0.0,1.0,0.0,0.0,0.0,0.0,1.0,0.0,0.0
62.0,29.92,0.0,13457.9608,1.0,0.0,1.0,0.0,0.0,0.0,0.0,1.0,0.0,0.0
39.0,41.8,0.0,5662.225,0.0,1.0,1.0,0.0,0.0,0.0,0.0,0.0,1.0,0.0
19.0,27.6,0.0,1252.407,1.0,0.0,1.0,0.0,0.0,1.0,0.0,0.0,0.0,0.0
22.0,23.18,0.0,2731.9122,0.0,1.0,0.0,1.0,0.0,0.0,0.0,1.0,0.0,0.0
53.0,20.9,0.0,21195.818,1.0,0.0,1.0,0.0,0.0,0.0,1.0,0.0,0.0,0.0
39.0,31.92,2.0,7209.4918,0.0,1.0,0.0,1.0,0.0,0.0,1.0,0.0,0.0,0.0
27.0,28.5,0.0,18310.742,0.0,1.0,1.0,0.0,0.0,0.0,0.0,1.0,0.0,0.0
30.0,44.22,2.0,4266.1658,1.0,0.0,1.0,0.0,0.0,1.0,0.0,0.0,0.0,0.0
30.0,22.895,1.0,4719.52405,1.0,0.0,1.0,0.0,0.0,0.0,0.0,0.0,1.0,0.0
58.0,33.1,0.0,11848.141,0.0,1.0,0.0,1.0,0.0,1.0,0.0,0.0,0.0,0.0
33.0,24.795,0.0,17904.52705,1.0,0.0,1.0,0.0,0.0,0.0,0.0,1.0,0.0,0.0
42.0,26.18,1.0,7046.7222,1.0,0.0,1.0,0.0,0.0,0.0,0.0,1.0,0.0,0.0
64.0,35.97,0.0,14313.8463,0.0,1.0,1.0,0.0,0.0,0.0,0.0,0.0,1.0,0.0
21.0,22.3,1.0,2103.08,1.0,0.0,0.0,1.0,0.0,0.0,0.0,1.0,0.0,0.0
18.0,42.24,0.0,38792.6856,0.0,1.0,1.0,0.0,0.0,0.0,0.0,1.0,0.0,0.0
23.0,26.51,0.0,1815.8759,1.0,0.0,1.0,0.0,0.0,0.0,1.0,0.0,0.0,0.0
45.0,35.815,0.0,7731.85785,1.0,0.0,1.0,0.0,0.0,0.0,1.0,0.0,0.0,0.0
40.0,41.42,1.0,28476.73499,1.0,0.0,1.0,0.0,0.0,0.0,1.0,0.0,0.0,0.0
19.0,36.575,0.0,2136.88225,0.0,1.0,1.0,0.0,0.0,0.0,0.0,1.0,0.0,0.0
18.0,30.14,0.0,1131.5066,0.0,1.0,1.0,0.0,0.0,1.0,0.0,0.0,0.0,0.0
25.0,25.84,1.0,3309.7926,1.0,0.0,1.0,0.0,0.0,0.0,0.0,0.0,1.0,0.0
46.0,30.8,3.0,9414.92,1.0,0.0,1.0,0.0,0.0,0.0,1.0,0.0,0.0,0.0
33.0,42.94,3.0,6360.9936,0.0,1.0,1.0,0.0,0.0,0.0,0.0,1.0,0.0,0.0
54.0,21.01,2.0,11013.7119,0.0,1.0,1.0,0.0,0.0,1.0,0.0,0.0,0.0,0.0
28.0,22.515,2.0,4428.88785,0.0,1.0,1.0,0.0,0.0,0.0,0.0,1.0,0.0,0.0
36.0,34.43,2.0,5584.3057,1.0,0.0,1.0,0.0,0.0,0.0,0.0,1.0,0.0,0.0
20.0,31.46,0.0,1877.9294,1.0,0.0,1.0,0.0,0.0,0.0,1.0,0.0,0.0,0.0
24.0,24.225,0.0,2842.76075,0.0,1.0,1.0,0.0,0.0,0.0,0.0,0.0,1.0,0.0
23.0,37.1,3.0,3597.596,1.0,0.0,0.0,1.0,0.0,1.0,0.0,0.0,0.0,0.0
47.0,26.125,1.0,23401.30575,1.0,0.0,0.0,1.0,0.0,0.0,1.0,0.0,0.0,0.0
33.0,35.53,0.0,55135.40209,0.0,1.0,1.0,0.0,0.0,0.0,0.0,0.0,1.0,0.0
45.0,33.7,1.0,7445.918,0.0,1.0,1.0,0.0,0.0,0.0,1.0,0.0,0.0,0.0
26.0,17.67,0.0,2680.9493,1.0,0.0,1.0,0.0,0.0,0.0,0.0,1.0,0.0,0.0
18.0,31.13,0.0,1621.8827,1.0,0.0,1.0,0.0,0.0,0.0,0.0,1.0,0.0,0.0
44.0,29.81,2.0,8219.2039,0.0,1.0,1.0,0.0,0.0,0.0,1.0,0.0,0.0,0.0
60.0,24.32,0.0,12523.6048,1.0,0.0,1.0,0.0,0.0,1.0,0.0,0.0,0.0,0.0
64.0,31.825,2.0,16069.08475,0.0,1.0,0.0,1.0,0.0,0.0,0.0,1.0,0.0,0.0
56.0,31.79,2.0,43813.8661,0.0,1.0,0.0,1.0,0.0,1.0,0.0,0.0,0.0,0.0
36.0,28.025,1.0,20773.62775,0.0,1.0,0.0,1.0,0.0,1.0,0.0,0.0,0.0,0.0
41.0,30.78,3.0,39597.4072,0.0,1.0,1.0,0.0,0.0,0.0,1.0,0.0,0.0,0.0
39.0,21.85,1.0,6117.4945,0.0,1.0,1.0,0.0,0.0,0.0,0.0,0.0,1.0,0.0
63.0,33.1,0.0,13393.756,1.0,0.0,1.0,0.0,0.0,0.0,1.0,0.0,0.0,0.0
36.0,25.84,0.0,5266.3656,1.0,0.0,1.0,0.0,0.0,0.0,1.0,0.0,0.0,0.0
28.0,23.845,2.0,4719.73655,0.0,1.0,1.0,0.0,0.0,0.0,1.0,0.0,0.0,0.0
58.0,34.39,0.0,11743.9341,0.0,1.0,1.0,0.0,0.0,0.0,1.0,0.0,0.0,0.0
36.0,33.82,1.0,5377.4578,0.0,1.0,1.0,0.0,0.0,0.0,0.0,1.0,0.0,0.0
42.0,35.97,2.0,7160.3303,0.0,1.0,1.0,0.0,0.0,0.0,0.0,0.0,1.0,0.0
36.0,31.5,0.0,4402.233,1.0,0.0,1.0,0.0,0.0,1.0,0.0,0.0,0.0,0.0
56.0,28.31,0.0,11657.7189,1.0,0.0,1.0,0.0,0.0,1.0,0.0,0.0,0.0,0.0
35.0,23.465,2.0,6402.29135,1.0,0.0,1.0,0.0,0.0,0.0,1.0,0.0,0.0,0.0
59.0,31.35,0.0,12622.1795,0.0,1.0,1.0,0.0,0.0,0.0,0.0,0.0,1.0,0.0
21.0,31.1,0.0,1526.312,0.0,1.0,1.0,0.0,0.0,1.0,0.0,0.0,0.0,0.0
59.0,24.7,0.0,12323.936,1.0,0.0,0.0,1.0,0.0,0.0,0.0,1.0,0.0,0.0
23.0,32.78,2.0,36021.0112,1.0,0.0,0.0,1.0,0.0,0.0,0.0,1.0,0.0,0.0
57.0,29.81,0.0,27533.9129,0.0,1.0,1.0,0.0,0.0,1.0,0.0,0.0,0.0,0.0
53.0,30.495,0.0,10072.05505,1.0,0.0,0.0,1.0,0.0,0.0,0.0,1.0,0.0,0.0
60.0,32.45,0.0,45008.9555,1.0,0.0,1.0,0.0,0.0,0.0,0.0,0.0,1.0,0.0
51.0,34.2,1.0,9872.701,0.0,1.0,1.0,0.0,0.0,0.0,0.0,1.0,0.0,0.0
23.0,50.38,1.0,2438.0552,1.0,0.0,1.0,0.0,0.0,0.0,0.0,0.0,1.0,0.0
27.0,24.1,0.0,2974.126,0.0,1.0,1.0,0.0,0.0,0.0,1.0,0.0,0.0,0.0
55.0,32.775,0.0,10601.63225,1.0,0.0,0.0,1.0,0.0,1.0,0.0,0.0,0.0,0.0
37.0,30.78,0.0,37270.1512,0.0,1.0,1.0,0.0,0.0,0.0,1.0,0.0,0.0,0.0
61.0,32.3,2.0,14119.62,1.0,0.0,0.0,1.0,0.0,1.0,0.0,0.0,0.0,0.0
46.0,35.53,0.0,42111.6647,1.0,0.0,1.0,0.0,0.0,1.0,0.0,0.0,0.0,0.0
53.0,23.75,2.0,11729.6795,1.0,0.0,0.0,1.0,0.0,1.0,0.0,0.0,0.0,0.0
49.0,23.845,3.0,24106.91255,1.0,0.0,1.0,0.0,0.0,0.0,0.0,0.0,1.0,0.0
20.0,29.6,0.0,1875.344,1.0,0.0,0.0,1.0,0.0,0.0,0.0,1.0,0.0,0.0
48.0,33.11,0.0,40974.1649,0.0,1.0,0.0,1.0,0.0,0.0,1.0,0.0,0.0,0.0
25.0,24.13,0.0,15817.9857,1.0,0.0,1.0,0.0,0.0,0.0,0.0,1.0,0.0,0.0
25.0,32.23,1.0,18218.16139,0.0,1.0,1.0,0.0,0.0,0.0,0.0,0.0,1.0,0.0
57.0,28.1,0.0,10965.446,1.0,0.0,0.0,1.0,0.0,0.0,0.0,0.0,1.0,0.0
37.0,47.6,2.0,46113.511,1.0,0.0,1.0,0.0,0.0,0.0,0.0,0.0,1.0,0.0
38.0,28.0,3.0,7151.092,1.0,0.0,1.0,0.0,0.0,0.0,1.0,0.0,0.0,0.0
55.0,33.535,2.0,12269.68865,1.0,0.0,1.0,0.0,0.0,1.0,0.0,0.0,0.0,0.0
36.0,19.855,0.0,5458.04645,0.0,1.0,1.0,0.0,0.0,0.0,0.0,0.0,1.0,0.0
51.0,25.4,0.0,8782.469,0.0,1.0,1.0,0.0,0.0,0.0,0.0,0.0,1.0,0.0
40.0,29.9,2.0,6600.361,0.0,1.0,1.0,0.0,0.0,0.0,0.0,1.0,0.0,0.0
18.0,37.29,0.0,1141.4451,0.0,1.0,1.0,0.0,0.0,0.0,0.0,0.0,1.0,0.0
57.0,43.7,1.0,11576.13,0.0,1.0,1.0,0.0,0.0,1.0,0.0,0.0,0.0,0.0
61.0,23.655,0.0,13129.60345,1.0,0.0,1.0,0.0,0.0,0.0,0.0,0.0,1.0,0.0
25.0,24.3,3.0,4391.652,0.0,1.0,1.0,0.0,0.0,0.0,0.0,0.0,1.0,0.0
50.0,36.2,0.0,8457.818,1.0,0.0,1.0,0.0,0.0,0.0,0.0,1.0,0.0,0.0
26.0,29.48,1.0,3392.3652,0.0,1.0,1.0,0.0,0.0,0.0,0.0,1.0,0.0,0.0
42.0,24.86,0.0,5966.8874,0.0,1.0,1.0,0.0,0.0,0.0,0.0,0.0,1.0,0.0
43.0,30.1,1.0,6849.026,0.0,1.0,1.0,0.0,0.0,1.0,0.0,0.0,0.0,0.0
44.0,21.85,3.0,8891.1395,1.0,0.0,1.0,0.0,0.0,0.0,1.0,0.0,0.0,0.0
23.0,28.12,0.0,2690.1138,1.0,0.0,1.0,0.0,0.0,0.0,0.0,0.0,1.0,0.0
49.0,27.1,1.0,26140.3603,0.0,1.0,1.0,0.0,0.0,0.0,0.0,1.0,0.0,0.0
33.0,33.44,5.0,6653.7886,0.0,1.0,1.0,0.0,0.0,0.0,0.0,0.0,1.0,0.0
41.0,28.8,1.0,6282.235,1.0,0.0,1.0,0.0,0.0,0.0,0.0,0.0,1.0,0.0
37.0,29.5,2.0,6311.952,0.0,1.0,1.0,0.0,0.0,0.0,0.0,0.0,1.0,0.0
22.0,34.8,3.0,3443.064,0.0,1.0,1.0,0.0,0.0,0.0,1.0,0.0,0.0,0.0
23.0,27.36,1.0,2789.0574,1.0,0.0,1.0,0.0,0.0,1.0,0.0,0.0,0.0,0.0
21.0,22.135,0.0,2585.85065,1.0,0.0,0.0,1.0,0.0,1.0,0.0,0.0,0.0,0.0
51.0,37.05,3.0,46255.1125,0.0,1.0,1.0,0.0,0.0,0.0,1.0,0.0,0.0,0.0
25.0,26.695,4.0,4877.98105,0.0,1.0,0.0,1.0,0.0,0.0,0.0,1.0,0.0,0.0
32.0,28.93,1.0,19719.6947,0.0,1.0,0.0,1.0,0.0,1.0,0.0,0.0,0.0,0.0
57.0,28.975,0.0,27218.43725,1.0,0.0,1.0,0.0,0.0,0.0,1.0,0.0,0.0,0.0
36.0,30.02,0.0,5272.1758,0.0,1.0,1.0,0.0,0.0,0.0,0.0,0.0,1.0,0.0
22.0,39.5,0.0,1682.597,0.0,1.0,1.0,0.0,0.0,0.0,1.0,0.0,0.0,0.0
57.0,33.63,1.0,11945.1327,1.0,0.0,0.0,1.0,0.0,0.0,1.0,0.0,0.0,0.0
64.0,26.885,0.0,29330.98315,1.0,0.0,1.0,0.0,0.0,0.0,0.0,1.0,0.0,0.0
36.0,29.04,4.0,7243.8136,0.0,1.0,1.0,0.0,0.0,1.0,0.0,0.0,0.0,0.0
54.0,24.035,0.0,10422.91665,0.0,1.0,0.0,1.0,0.0,0.0,0.0,1.0,0.0,0.0
47.0,38.94,2.0,44202.6536,0.0,1.0,1.0,0.0,0.0,1.0,0.0,0.0,0.0,0.0
62.0,32.11,0.0,13555.0049,1.0,0.0,1.0,0.0,0.0,0.0,0.0,0.0,1.0,0.0
61.0,44.0,0.0,13063.883,1.0,0.0,0.0,1.0,0.0,1.0,0.0,0.0,0.0,0.0
43.0,20.045,2.0,19798.05455,0.0,1.0,1.0,0.0,0.0,0.0,1.0,0.0,0.0,0.0
19.0,25.555,1.0,2221.56445,1.0,0.0,1.0,0.0,0.0,0.0,0.0,1.0,0.0,0.0
18.0,40.26,0.0,1634.5734,1.0,0.0,1.0,0.0,0.0,0.0,1.0,0.0,0.0,0.0
19.0,22.515,0.0,2117.33885,0.0,1.0,1.0,0.0,0.0,1.0,0.0,0.0,0.0,0.0
49.0,22.515,0.0,8688.85885,0.0,1.0,0.0,1.0,0.0,0.0,0.0,1.0,0.0,0.0
60.0,40.92,0.0,48673.5588,0.0,1.0,1.0,0.0,0.0,1.0,0.0,0.0,0.0,0.0
26.0,27.265,3.0,4661.28635,0.0,1.0,1.0,0.0,0.0,0.0,0.0,1.0,0.0,0.0
49.0,36.85,0.0,8125.7845,1.0,0.0,1.0,0.0,0.0,0.0,0.0,0.0,1.0,0.0
60.0,35.1,0.0,12644.589,1.0,0.0,1.0,0.0,0.0,1.0,0.0,0.0,0.0,0.0
26.0,29.355,2.0,4564.19145,0.0,1.0,1.0,0.0,0.0,1.0,0.0,0.0,0.0,0.0
27.0,32.585,3.0,4846.92015,1.0,0.0,1.0,0.0,0.0,0.0,0.0,1.0,0.0,0.0
44.0,32.34,1.0,7633.7206,0.0,1.0,1.0,0.0,0.0,0.0,0.0,0.0,1.0,0.0
63.0,39.8,3.0,15170.069,1.0,0.0,0.0,1.0,0.0,0.0,0.0,0.0,1.0,0.0
32.0,24.6,0.0,17496.306,0.0,1.0,1.0,0.0,0.0,0.0,1.0,0.0,0.0,0.0
22.0,28.31,1.0,2639.0429,0.0,1.0,0.0,1.0,0.0,1.0,0.0,0.0,0.0,0.0
18.0,31.73,0.0,33732.6867,1.0,0.0,1.0,0.0,0.0,0.0,1.0,0.0,0.0,0.0
59.0,26.695,3.0,14382.70905,1.0,0.0,1.0,0.0,0.0,0.0,0.0,0.0,1.0,0.0
44.0,27.5,1.0,7626.993,0.0,1.0,1.0,0.0,0.0,0.0,1.0,0.0,0.0,0.0
33.0,24.605,2.0,5257.50795,1.0,0.0,1.0,0.0,0.0,0.0,0.0,1.0,0.0,0.0
24.0,33.99,0.0,2473.3341,1.0,0.0,0.0,1.0,0.0,0.0,1.0,0.0,0.0,0.0
43.0,26.885,0.0,21774.32215,0.0,1.0,0.0,1.0,0.0,1.0,0.0,0.0,0.0,0.0
45.0,22.895,0.0,35069.37452,1.0,0.0,1.0,0.0,0.0,0.0,0.0,0.0,1.0,0.0
61.0,28.2,0.0,13041.921,1.0,0.0,1.0,0.0,0.0,0.0,0.0,1.0,0.0,0.0
35.0,34.21,1.0,5245.2269,1.0,0.0,1.0,0.0,0.0,0.0,0.0,0.0,1.0,0.0
62.0,25.0,0.0,13451.122,1.0,0.0,1.0,0.0,0.0,0.0,0.0,0.0,1.0,0.0
62.0,33.2,0.0,13462.52,0.0,1.0,1.0,0.0,0.0,0.0,0.0,0.0,1.0,0.0
38.0,31.0,1.0,5488.262,0.0,1.0,1.0,0.0,0.0,0.0,1.0,0.0,0.0,0.0
34.0,35.815,0.0,4320.41085,0.0,1.0,1.0,0.0,0.0,0.0,0.0,0.0,1.0,0.0
43.0,23.2,0.0,6250.435,0.0,1.0,1.0,0.0,0.0,1.0,0.0,0.0,0.0,0.0
50.0,32.11,2.0,25333.33284,1.0,0.0,1.0,0.0,0.0,0.0,0.0,0.0,1.0,0.0
19.0,23.4,2.0,2913.569,1.0,0.0,1.0,0.0,0.0,0.0,0.0,0.0,1.0,0.0
57.0,20.1,1.0,12032.326,1.0,0.0,1.0,0.0,0.0,0.0,0.0,1.0,0.0,0.0
62.0,39.16,0.0,13470.8044,0.0,1.0,1.0,0.0,0.0,0.0,0.0,1.0,0.0,0.0
41.0,34.21,1.0,6289.7549,0.0,1.0,1.0,0.0,0.0,0.0,0.0,1.0,0.0,0.0
26.0,46.53,1.0,2927.0647,1.0,0.0,1.0,0.0,0.0,0.0,0.0,0.0,1.0,0.0
39.0,32.5,1.0,6238.298,0.0,1.0,1.0,0.0,0.0,0.0,0.0,0.0,1.0,0.0
46.0,25.8,5.0,10096.97,1.0,0.0,1.0,0.0,0.0,0.0,0.0,0.0,1.0,0.0
45.0,35.3,0.0,7348.142,0.0,1.0,1.0,0.0,0.0,0.0,0.0,1.0,0.0,0.0
32.0,37.18,2.0,4673.3922,1.0,0.0,1.0,0.0,0.0,0.0,0.0,0.0,1.0,0.0
59.0,27.5,0.0,12233.828,0.0,1.0,1.0,0.0,0.0,1.0,0.0,0.0,0.0,0.0
44.0,29.735,2.0,32108.66282,1.0,0.0,1.0,0.0,0.0,0.0,1.0,0.0,0.0,0.0
39.0,24.225,5.0,8965.79575,0.0,1.0,1.0,0.0,0.0,0.0,0.0,1.0,0.0,0.0
18.0,26.18,2.0,2304.0022,0.0,1.0,1.0,0.0,0.0,0.0,0.0,1.0,0.0,0.0
53.0,29.48,0.0,9487.6442,0.0,1.0,1.0,0.0,0.0,0.0,0.0,1.0,0.0,0.0
18.0,23.21,0.0,1121.8739,1.0,0.0,1.0,0.0,0.0,0.0,0.0,1.0,0.0,0.0
50.0,46.09,1.0,9549.5651,1.0,0.0,1.0,0.0,0.0,1.0,0.0,0.0,0.0,0.0
18.0,40.185,0.0,2217.46915,0.0,1.0,1.0,0.0,0.0,0.0,1.0,0.0,0.0,0.0
19.0,22.61,0.0,1628.4709,0.0,1.0,1.0,0.0,0.0,0.0,0.0,1.0,0.0,0.0
62.0,39.93,0.0,12982.8747,1.0,0.0,1.0,0.0,0.0,0.0,0.0,0.0,1.0,0.0
56.0,35.8,1.0,11674.13,0.0,1.0,1.0,0.0,0.0,0.0,0.0,0.0,1.0,0.0
42.0,35.8,2.0,7160.094,0.0,1.0,0.0,1.0,0.0,1.0,0.0,0.0,0.0,0.0
37.0,34.2,1.0,39047.285,0.0,1.0,1.0,0.0,0.0,0.0,1.0,0.0,0.0,0.0
42.0,31.255,0.0,6358.77645,0.0,1.0,0.0,1.0,0.0,0.0,0.0,0.0,1.0,0.0
25.0,29.7,3.0,19933.458,0.0,1.0,1.0,0.0,0.0,1.0,0.0,0.0,0.0,0.0
57.0,18.335,0.0,11534.87265,0.0,1.0,0.0,1.0,0.0,0.0,0.0,1.0,0.0,0.0
51.0,42.9,2.0,47462.894,1.0,0.0,1.0,0.0,0.0,0.0,1.0,0.0,0.0,0.0
30.0,28.405,1.0,4527.18295,0.0,1.0,0.0,1.0,0.0,0.0,0.0,0.0,1.0,0.0
44.0,30.2,2.0,38998.546,0.0,1.0,0.0,1.0,0.0,0.0,1.0,0.0,0.0,0.0
34.0,27.835,1.0,20009.63365,0.0,1.0,1.0,0.0,0.0,0.0,0.0,1.0,0.0,0.0
31.0,39.49,1.0,3875.7341,0.0,1.0,0.0,1.0,0.0,0.0,0.0,1.0,0.0,0.0
54.0,30.8,1.0,41999.52,0.0,1.0,1.0,0.0,0.0,0.0,1.0,0.0,0.0,0.0
24.0,26.79,1.0,12609.88702,0.0,1.0,0.0,1.0,0.0,1.0,0.0,0.0,0.0,0.0
43.0,34.96,1.0,41034.2214,0.0,1.0,1.0,0.0,0.0,0.0,1.0,0.0,0.0,0.0
48.0,36.67,1.0,28468.91901,1.0,0.0,1.0,0.0,0.0,0.0,1.0,0.0,0.0,0.0
19.0,39.615,1.0,2730.10785,1.0,0.0,1.0,0.0,0.0,0.0,0.0,0.0,1.0,0.0
29.0,25.9,0.0,3353.284,1.0,0.0,1.0,0.0,0.0,0.0,0.0,1.0,0.0,0.0
63.0,35.2,1.0,14474.675,0.0,1.0,1.0,0.0,0.0,1.0,0.0,0.0,0.0,0.0
46.0,24.795,3.0,9500.57305,0.0,1.0,1.0,0.0,0.0,0.0,1.0,0.0,0.0,0.0
52.0,36.765,2.0,26467.09737,0.0,1.0,1.0,0.0,0.0,0.0,0.0,0.0,1.0,0.0
35.0,27.1,1.0,4746.344,0.0,1.0,0.0,1.0,0.0,0.0,1.0,0.0,0.0,0.0
51.0,24.795,2.0,23967.38305,0.0,1.0,1.0,0.0,0.0,0.0,1.0,0.0,0.0,0.0
44.0,25.365,1.0,7518.02535,0.0,1.0,1.0,0.0,0.0,1.0,0.0,0.0,0.0,0.0
21.0,25.745,2.0,3279.86855,1.0,0.0,1.0,0.0,0.0,0.0,0.0,1.0,0.0,0.0
39.0,34.32,5.0,8596.8278,1.0,0.0,1.0,0.0,0.0,0.0,0.0,1.0,0.0,0.0
50.0,28.16,3.0,10702.6424,1.0,0.0,1.0,0.0,0.0,1.0,0.0,0.0,0.0,0.0
34.0,23.56,0.0,4992.3764,1.0,0.0,1.0,0.0,0.0,0.0,1.0,0.0,0.0,0.0
22.0,20.235,0.0,2527.81865,1.0,0.0,1.0,0.0,0.0,0.0,0.0,0.0,1.0,0.0
19.0,40.5,0.0,1759.338,0.0,1.0,1.0,0.0,0.0,0.0,0.0,1.0,0.0,0.0
26.0,35.42,0.0,2322.6218,0.0,1.0,0.0,1.0,0.0,1.0,0.0,0.0,0.0,0.0
29.0,22.895,0.0,16138.76205,0.0,1.0,1.0,0.0,0.0,0.0,0.0,1.0,0.0,0.0
48.0,40.15,0.0,7804.1605,0.0,1.0,1.0,0.0,0.0,0.0,0.0,1.0,0.0,0.0
26.0,29.15,1.0,2902.9065,1.0,0.0,1.0,0.0,0.0,1.0,0.0,0.0,0.0,0.0
45.0,39.995,3.0,9704.66805,1.0,0.0,1.0,0.0,0.0,0.0,0.0,1.0,0.0,0.0
36.0,29.92,0.0,4889.0368,0.0,1.0,1.0,0.0,0.0,1.0,0.0,0.0,0.0,0.0
54.0,25.46,1.0,25517.11363,0.0,1.0,1.0,0.0,0.0,1.0,0.0,0.0,0.0,0.0
34.0,21.375,0.0,4500.33925,0.0,1.0,0.0,1.0,0.0,0.0,0.0,0.0,1.0,0.0
31.0,25.9,3.0,19199.944,1.0,0.0,1.0,0.0,0.0,1.0,0.0,0.0,0.0,0.0
27.0,30.59,1.0,16796.41194,0.0,1.0,1.0,0.0,0.0,1.0,0.0,0.0,0.0,0.0
20.0,30.115,5.0,4915.05985,1.0,0.0,1.0,0.0,0.0,0.0,0.0,0.0,1.0,0.0
44.0,25.8,1.0,7624.63,0.0,1.0,1.0,0.0,0.0,0.0,1.0,0.0,0.0,0.0
43.0,30.115,3.0,8410.04685,1.0,0.0,1.0,0.0,0.0,0.0,1.0,0.0,0.0,0.0
45.0,27.645,1.0,28340.18885,0.0,1.0,1.0,0.0,0.0,1.0,0.0,0.0,0.0,0.0
34.0,34.675,0.0,4518.82625,1.0,0.0,0.0,1.0,0.0,1.0,0.0,0.0,0.0,0.0
24.0,20.52,0.0,14571.8908,1.0,0.0,1.0,0.0,0.0,0.0,0.0,0.0,1.0,0.0
26.0,19.8,1.0,3378.91,1.0,0.0,1.0,0.0,0.0,1.0,0.0,0.0,0.0,0.0
38.0,27.835,2.0,7144.86265,1.0,0.0,1.0,0.0,0.0,0.0,0.0,0.0,1.0,0.0
50.0,31.6,2.0,10118.424,0.0,1.0,1.0,0.0,0.0,0.0,0.0,1.0,0.0,0.0
38.0,28.27,1.0,5484.4673,1.0,0.0,0.0,1.0,0.0,0.0,1.0,0.0,0.0,0.0
27.0,20.045,3.0,16420.49455,1.0,0.0,1.0,0.0,0.0,1.0,0.0,0.0,0.0,0.0
39.0,23.275,3.0,7986.47525,1.0,0.0,1.0,0.0,0.0,0.0,0.0,0.0,1.0,0.0
39.0,34.1,3.0,7418.522,1.0,0.0,1.0,0.0,0.0,0.0,0.0,1.0,0.0,0.0
63.0,36.85,0.0,13887.9685,1.0,0.0,1.0,0.0,0.0,1.0,0.0,0.0,0.0,0.0
33.0,36.29,3.0,6551.7501,1.0,0.0,1.0,0.0,0.0,0.0,1.0,0.0,0.0,0.0
36.0,26.885,0.0,5267.81815,0.0,1.0,0.0,1.0,0.0,0.0,1.0,0.0,0.0,0.0
30.0,22.99,2.0,17361.7661,0.0,1.0,0.0,1.0,0.0,0.0,0.0,0.0,1.0,0.0
24.0,32.7,0.0,34472.841,0.0,1.0,1.0,0.0,0.0,0.0,0.0,0.0,1.0,0.0
24.0,25.8,0.0,1972.95,0.0,1.0,1.0,0.0,0.0,0.0,0.0,0.0,1.0,0.0
48.0,29.6,0.0,21232.18226,0.0,1.0,1.0,0.0,0.0,1.0,0.0,0.0,0.0,0.0
47.0,19.19,1.0,8627.5411,0.0,1.0,1.0,0.0,0.0,0.0,1.0,0.0,0.0,0.0
29.0,31.73,2.0,4433.3877,0.0,1.0,1.0,0.0,0.0,1.0,0.0,0.0,0.0,0.0
28.0,29.26,2.0,4438.2634,0.0,1.0,0.0,1.0,0.0,0.0,1.0,0.0,0.0,0.0
47.0,28.215,3.0,24915.22085,0.0,1.0,1.0,0.0,0.0,1.0,0.0,0.0,0.0,0.0
25.0,24.985,2.0,23241.47453,0.0,1.0,1.0,0.0,0.0,1.0,0.0,0.0,0.0,0.0
51.0,27.74,1.0,9957.7216,1.0,0.0,1.0,0.0,0.0,0.0,0.0,0.0,1.0,0.0
48.0,22.8,0.0,8269.044,0.0,1.0,0.0,1.0,0.0,0.0,0.0,1.0,0.0,0.0
43.0,20.13,2.0,18767.7377,1.0,0.0,1.0,0.0,0.0,0.0,0.0,1.0,0.0,0.0
61.0,33.33,4.0,36580.28216,0.0,1.0,1.0,0.0,0.0,0.0,1.0,0.0,0.0,0.0
48.0,32.3,1.0,8765.249,1.0,0.0,1.0,0.0,0.0,0.0,0.0,0.0,1.0,0.0
38.0,27.6,0.0,5383.536,0.0,1.0,1.0,0.0,0.0,0.0,1.0,0.0,0.0,0.0
59.0,25.46,0.0,12124.9924,1.0,0.0,1.0,0.0,0.0,0.0,1.0,0.0,0.0,0.0
19.0,24.605,1.0,2709.24395,1.0,0.0,1.0,0.0,0.0,0.0,0.0,0.0,1.0,0.0
26.0,34.2,2.0,3987.926,1.0,0.0,1.0,0.0,0.0,0.0,1.0,0.0,0.0,0.0
54.0,35.815,3.0,12495.29085,1.0,0.0,1.0,0.0,0.0,0.0,1.0,0.0,0.0,0.0
21.0,32.68,2.0,26018.95052,0.0,1.0,1.0,0.0,0.0,0.0,0.0,0.0,1.0,0.0
51.0,37.0,0.0,8798.593,1.0,0.0,0.0,1.0,0.0,0.0,0.0,1.0,0.0,0.0
22.0,31.02,3.0,35595.5898,0.0,1.0,0.0,1.0,0.0,0.0,0.0,1.0,0.0,0.0
47.0,36.08,1.0,42211.1382,0.0,1.0,1.0,0.0,0.0,0.0,0.0,1.0,0.0,0.0
18.0,23.32,1.0,1711.0268,1.0,0.0,1.0,0.0,0.0,0.0,0.0,1.0,0.0,0.0
47.0,45.32,1.0,8569.8618,1.0,0.0,1.0,0.0,0.0,0.0,0.0,0.0,1.0,0.0
21.0,34.6,0.0,2020.177,0.0,1.0,0.0,1.0,0.0,0.0,1.0,0.0,0.0,0.0
19.0,26.03,1.0,16450.8947,0.0,1.0,1.0,0.0,0.0,0.0,1.0,0.0,0.0,0.0
23.0,18.715,0.0,21595.38229,0.0,1.0,1.0,0.0,0.0,0.0,0.0,0.0,1.0,0.0
54.0,31.6,0.0,9850.432,1.0,0.0,1.0,0.0,0.0,1.0,0.0,0.0,0.0,0.0
37.0,17.29,2.0,6877.9801,1.0,0.0,0.0,1.0,0.0,0.0,1.0,0.0,0.0,0.0
46.0,23.655,1.0,21677.28345,1.0,0.0,0.0,1.0,0.0,0.0,0.0,1.0,0.0,0.0
55.0,35.2,0.0,44423.803,1.0,0.0,1.0,0.0,0.0,1.0,0.0,0.0,0.0,0.0
30.0,27.93,0.0,4137.5227,0.0,1.0,0.0,1.0,0.0,1.0,0.0,0.0,0.0,0.0
18.0,21.565,0.0,13747.87235,0.0,1.0,1.0,0.0,0.0,0.0,1.0,0.0,0.0,0.0
61.0,38.38,0.0,12950.0712,1.0,0.0,1.0,0.0,0.0,0.0,0.0,0.0,1.0,0.0
54.0,23.0,3.0,12094.478,0.0,1.0,0.0,1.0,0.0,0.0,0.0,1.0,0.0,0.0
22.0,37.07,2.0,37484.4493,1.0,0.0,0.0,1.0,0.0,0.0,1.0,0.0,0.0,0.0
45.0,30.495,1.0,39725.51805,0.0,1.0,1.0,0.0,0.0,1.0,0.0,0.0,0.0,0.0
22.0,28.88,0.0,2250.8352,0.0,1.0,1.0,0.0,0.0,0.0,1.0,0.0,0.0,0.0
19.0,27.265,2.0,22493.65964,1.0,0.0,0.0,1.0,0.0,0.0,1.0,0.0,0.0,0.0
35.0,28.025,0.0,20234.85475,0.0,1.0,1.0,0.0,0.0,1.0,0.0,0.0,0.0,0.0
18.0,23.085,0.0,1704.70015,0.0,1.0,0.0,1.0,0.0,1.0,0.0,0.0,0.0,0.0
20.0,30.685,0.0,33475.81715,1.0,0.0,1.0,0.0,0.0,0.0,0.0,0.0,1.0,0.0
28.0,25.8,0.0,3161.454,0.0,1.0,1.0,0.0,0.0,1.0,0.0,0.0,0.0,0.0
55.0,35.245,1.0,11394.06555,1.0,0.0,0.0,1.0,0.0,0.0,1.0,0.0,0.0,0.0
43.0,24.7,2.0,21880.82,1.0,0.0,1.0,0.0,0.0,1.0,0.0,0.0,0.0,0.0
43.0,25.08,0.0,7325.0482,0.0,1.0,0.0,1.0,0.0,0.0,0.0,1.0,0.0,0.0
22.0,52.58,1.0,44501.3982,1.0,0.0,1.0,0.0,0.0,0.0,1.0,0.0,0.0,0.0
25.0,22.515,1.0,3594.17085,0.0,1.0,0.0,1.0,0.0,0.0,0.0,0.0,1.0,0.0
49.0,30.9,0.0,39727.614,1.0,0.0,1.0,0.0,0.0,0.0,1.0,0.0,0.0,0.0
44.0,36.955,1.0,8023.13545,0.0,1.0,1.0,0.0,0.0,1.0,0.0,0.0,0.0,0.0
64.0,26.41,0.0,14394.5579,0.0,1.0,1.0,0.0,0.0,1.0,0.0,0.0,0.0,0.0
49.0,29.83,1.0,9288.0267,0.0,1.0,0.0,1.0,0.0,0.0,0.0,0.0,1.0,0.0
47.0,29.8,3.0,25309.489,1.0,0.0,1.0,0.0,0.0,0.0,1.0,0.0,0.0,0.0
27.0,21.47,0.0,3353.4703,0.0,1.0,1.0,0.0,0.0,0.0,1.0,0.0,0.0,0.0
55.0,27.645,0.0,10594.50155,1.0,0.0,1.0,0.0,0.0,0.0,0.0,0.0,1.0,0.0
48.0,28.9,0.0,8277.523,1.0,0.0,1.0,0.0,0.0,0.0,0.0,1.0,0.0,0.0
45.0,31.79,0.0,17929.30337,1.0,0.0,1.0,0.0,0.0,0.0,0.0,1.0,0.0,0.0
24.0,39.49,0.0,2480.9791,0.0,1.0,1.0,0.0,0.0,0.0,1.0,0.0,0.0,0.0
32.0,33.82,1.0,4462.7218,0.0,1.0,1.0,0.0,0.0,0.0,0.0,1.0,0.0,0.0
24.0,32.01,0.0,1981.5819,0.0,1.0,1.0,0.0,0.0,0.0,0.0,1.0,0.0,0.0
57.0,27.94,1.0,11554.2236,0.0,1.0,0.0,1.0,0.0,0.0,0.0,1.0,0.0,0.0
59.0,41.14,1.0,48970.2476,0.0,1.0,1.0,0.0,0.0,0.0,1.0,0.0,0.0,0.0
36.0,28.595,3.0,6548.19505,1.0,0.0,1.0,0.0,0.0,0.0,0.0,0.0,1.0,0.0
29.0,25.6,4.0,5708.867,1.0,0.0,1.0,0.0,0.0,0.0,0.0,0.0,1.0,0.0
42.0,25.3,1.0,7045.499,0.0,1.0,1.0,0.0,0.0,0.0,0.0,1.0,0.0,0.0
48.0,37.29,2.0,8978.1851,0.0,1.0,1.0,0.0,0.0,1.0,0.0,0.0,0.0,0.0
39.0,42.655,0.0,5757.41345,0.0,1.0,1.0,0.0,0.0,0.0,1.0,0.0,0.0,0.0
63.0,21.66,1.0,14349.8544,1.0,0.0,1.0,0.0,0.0,0.0,0.0,1.0,0.0,0.0
54.0,31.9,1.0,10928.849,0.0,1.0,0.0,1.0,0.0,0.0,0.0,1.0,0.0,0.0
37.0,37.07,1.0,39871.7043,0.0,1.0,1.0,0.0,0.0,1.0,0.0,0.0,0.0,0.0
63.0,31.445,0.0,13974.45555,0.0,1.0,1.0,0.0,0.0,0.0,1.0,0.0,0.0,0.0
21.0,31.255,0.0,1909.52745,1.0,0.0,1.0,0.0,0.0,1.0,0.0,0.0,0.0,0.0
54.0,28.88,2.0,12096.6512,1.0,0.0,1.0,0.0,0.0,1.0,0.0,0.0,0.0,0.0
60.0,18.335,0.0,13204.28565,1.0,0.0,1.0,0.0,0.0,0.0,0.0,1.0,0.0,0.0
32.0,29.59,1.0,4562.8421,1.0,0.0,1.0,0.0,0.0,0.0,0.0,0.0,1.0,0.0
47.0,32.0,1.0,8551.347,0.0,1.0,1.0,0.0,0.0,1.0,0.0,0.0,0.0,0.0
21.0,26.03,0.0,2102.2647,0.0,1.0,0.0,1.0,0.0,0.0,0.0,1.0,0.0,0.0
28.0,31.68,0.0,34672.1472,0.0,1.0,1.0,0.0,0.0,0.0,0.0,1.0,0.0,0.0
63.0,33.66,3.0,15161.5344,0.0,1.0,1.0,0.0,0.0,0.0,0.0,1.0,0.0,0.0
18.0,21.78,2.0,11884.04858,0.0,1.0,1.0,0.0,0.0,0.0,1.0,0.0,0.0,0.0
32.0,27.835,1.0,4454.40265,0.0,1.0,1.0,0.0,0.0,0.0,1.0,0.0,0.0,0.0
38.0,19.95,1.0,5855.9025,0.0,1.0,1.0,0.0,0.0,0.0,0.0,0.0,1.0,0.0
32.0,31.5,1.0,4076.497,1.0,0.0,1.0,0.0,0.0,0.0,1.0,0.0,0.0,0.0
62.0,30.495,2.0,15019.76005,1.0,0.0,0.0,1.0,0.0,0.0,0.0,0.0,1.0,0.0
39.0,18.3,5.0,19023.26,0.0,1.0,1.0,0.0,0.0,1.0,0.0,0.0,0.0,0.0
55.0,28.975,0.0,10796.35025,0.0,1.0,1.0,0.0,0.0,0.0,1.0,0.0,0.0,0.0
57.0,31.54,0.0,11353.2276,0.0,1.0,1.0,0.0,0.0,0.0,0.0,1.0,0.0,0.0
52.0,47.74,1.0,9748.9106,0.0,1.0,1.0,0.0,0.0,0.0,0.0,0.0,1.0,0.0
56.0,22.1,0.0,10577.087,0.0,1.0,0.0,1.0,0.0,0.0,0.0,1.0,0.0,0.0
47.0,36.19,0.0,41676.0811,1.0,0.0,1.0,0.0,0.0,1.0,0.0,0.0,0.0,0.0
55.0,29.83,0.0,11286.5387,0.0,1.0,1.0,0.0,0.0,0.0,0.0,0.0,1.0,0.0
23.0,32.7,3.0,3591.48,1.0,0.0,0.0,1.0,0.0,0.0,1.0,0.0,0.0,0.0
22.0,30.4,0.0,33907.548,1.0,0.0,1.0,0.0,0.0,0.0,0.0,0.0,1.0,0.0
50.0,33.7,4.0,11299.343,1.0,0.0,1.0,0.0,0.0,1.0,0.0,0.0,0.0,0.0
18.0,31.35,4.0,4561.1885,1.0,0.0,0.0,1.0,0.0,1.0,0.0,0.0,0.0,0.0
51.0,34.96,2.0,44641.1974,0.0,1.0,1.0,0.0,0.0,0.0,0.0,1.0,0.0,0.0
22.0,33.77,0.0,1674.6323,1.0,0.0,1.0,0.0,0.0,1.0,0.0,0.0,0.0,0.0
52.0,30.875,0.0,23045.56616,1.0,0.0,1.0,0.0,0.0,0.0,0.0,1.0,0.0,0.0
25.0,33.99,1.0,3227.1211,1.0,0.0,0.0,1.0,0.0,1.0,0.0,0.0,0.0,0.0
33.0,19.095,2.0,16776.30405,0.0,1.0,1.0,0.0,0.0,0.0,0.0,0.0,1.0,0.0
53.0,28.6,3.0,11253.421,0.0,1.0,1.0,0.0,0.0,0.0,0.0,1.0,0.0,0.0
29.0,38.94,1.0,3471.4096,0.0,1.0,1.0,0.0,0.0,0.0,0.0,1.0,0.0,0.0
58.0,36.08,0.0,11363.2832,0.0,1.0,1.0,0.0,0.0,0.0,0.0,0.0,1.0,0.0
37.0,29.8,0.0,20420.60465,1.0,0.0,1.0,0.0,0.0,0.0,0.0,1.0,0.0,0.0
54.0,31.24,0.0,10338.9316,1.0,0.0,1.0,0.0,0.0,0.0,1.0,0.0,0.0,0.0
49.0,29.925,0.0,8988.15875,1.0,0.0,1.0,0.0,0.0,0.0,1.0,0.0,0.0,0.0
50.0,26.22,2.0,10493.9458,0.0,1.0,1.0,0.0,0.0,0.0,0.0,0.0,1.0,0.0
26.0,30.0,1.0,2904.088,0.0,1.0,1.0,0.0,0.0,0.0,0.0,1.0,0.0,0.0
45.0,20.35,3.0,8605.3615,1.0,0.0,1.0,0.0,0.0,1.0,0.0,0.0,0.0,0.0
54.0,32.3,1.0,11512.405,0.0,1.0,0.0,1.0,0.0,0.0,0.0,1.0,0.0,0.0
38.0,38.39,3.0,41949.2441,1.0,0.0,0.0,1.0,0.0,0.0,0.0,1.0,0.0,0.0
48.0,25.85,3.0,24180.9335,1.0,0.0,1.0,0.0,0.0,0.0,1.0,0.0,0.0,0.0
28.0,26.315,3.0,5312.16985,0.0,1.0,1.0,0.0,0.0,1.0,0.0,0.0,0.0,0.0
23.0,24.51,0.0,2396.0959,0.0,1.0,1.0,0.0,0.0,0.0,0.0,1.0,0.0,0.0
55.0,32.67,1.0,10807.4863,0.0,1.0,1.0,0.0,0.0,1.0,0.0,0.0,0.0,0.0
41.0,29.64,5.0,9222.4026,0.0,1.0,0.0,1.0,0.0,0.0,0.0,1.0,0.0,0.0
25.0,33.33,2.0,36124.5737,0.0,1.0,0.0,1.0,0.0,0.0,0.0,1.0,0.0,0.0
33.0,35.75,1.0,38282.7495,1.0,0.0,1.0,0.0,0.0,0.0,1.0,0.0,0.0,0.0
30.0,19.95,3.0,5693.4305,1.0,0.0,0.0,1.0,0.0,0.0,0.0,0.0,1.0,0.0
23.0,31.4,0.0,34166.273,0.0,1.0,1.0,0.0,0.0,0.0,0.0,1.0,0.0,0.0
46.0,38.17,2.0,8347.1643,1.0,0.0,0.0,1.0,0.0,0.0,1.0,0.0,0.0,0.0
53.0,36.86,3.0,46661.4424,1.0,0.0,1.0,0.0,0.0,1.0,0.0,0.0,0.0,0.0
27.0,32.395,1.0,18903.49141,1.0,0.0,0.0,1.0,0.0,1.0,0.0,0.0,0.0,0.0
23.0,42.75,1.0,40904.1995,1.0,0.0,1.0,0.0,0.0,0.0,1.0,0.0,0.0,0.0
63.0,25.08,0.0,14254.6082,0.0,1.0,1.0,0.0,0.0,0.0,0.0,0.0,1.0,0.0
55.0,29.9,0.0,10214.636,1.0,0.0,1.0,0.0,0.0,0.0,0.0,1.0,0.0,0.0
35.0,35.86,2.0,5836.5204,0.0,1.0,1.0,0.0,0.0,0.0,0.0,0.0,1.0,0.0
34.0,32.8,1.0,14358.36437,1.0,0.0,1.0,0.0,0.0,0.0,0.0,0.0,1.0,0.0
19.0,18.6,0.0,1728.897,1.0,0.0,1.0,0.0,0.0,0.0,0.0,1.0,0.0,0.0
39.0,23.87,5.0,8582.3023,0.0,1.0,1.0,0.0,0.0,0.0,0.0,0.0,1.0,0.0
27.0,45.9,2.0,3693.428,0.0,1.0,1.0,0.0,0.0,1.0,0.0,0.0,0.0,0.0
57.0,40.28,0.0,20709.02034,1.0,0.0,1.0,0.0,0.0,0.0,1.0,0.0,0.0,0.0
52.0,18.335,0.0,9991.03765,0.0,1.0,1.0,0.0,0.0,0.0,1.0,0.0,0.0,0.0
28.0,33.82,0.0,19673.33573,1.0,0.0,1.0,0.0,0.0,0.0,1.0,0.0,0.0,0.0
50.0,28.12,3.0,11085.5868,1.0,0.0,1.0,0.0,0.0,0.0,0.0,0.0,1.0,0.0
44.0,25.0,1.0,7623.518,1.0,0.0,1.0,0.0,0.0,0.0,1.0,0.0,0.0,0.0
26.0,22.23,0.0,3176.2877,0.0,1.0,1.0,0.0,0.0,0.0,0.0,1.0,0.0,0.0
33.0,30.25,0.0,3704.3545,1.0,0.0,0.0,1.0,0.0,0.0,1.0,0.0,0.0,0.0
19.0,32.49,0.0,36898.73308,0.0,1.0,1.0,0.0,0.0,0.0,0.0,1.0,0.0,0.0
50.0,37.07,1.0,9048.0273,1.0,0.0,1.0,0.0,0.0,0.0,0.0,0.0,1.0,0.0
41.0,32.6,3.0,7954.517,1.0,0.0,1.0,0.0,0.0,0.0,0.0,1.0,0.0,0.0
52.0,24.86,0.0,27117.99378,0.0,1.0,1.0,0.0,0.0,0.0,0.0,1.0,0.0,0.0
39.0,32.34,2.0,6338.0756,0.0,1.0,1.0,0.0,0.0,0.0,0.0,0.0,1.0,0.0
50.0,32.3,2.0,9630.397,0.0,1.0,1.0,0.0,0.0,0.0,1.0,0.0,0.0,0.0
52.0,32.775,3.0,11289.10925,0.0,1.0,0.0,1.0,0.0,0.0,0.0,0.0,1.0,0.0
60.0,32.8,0.0,52590.82939,1.0,0.0,1.0,0.0,0.0,0.0,1.0,0.0,0.0,0.0
20.0,31.92,0.0,2261.5688,0.0,1.0,1.0,0.0,0.0,0.0,0.0,0.0,1.0,0.0
55.0,21.5,1.0,10791.96,0.0,1.0,1.0,0.0,0.0,0.0,0.0,0.0,1.0,0.0
42.0,34.1,0.0,5979.731,1.0,0.0,1.0,0.0,0.0,1.0,0.0,0.0,0.0,0.0
18.0,30.305,0.0,2203.73595,1.0,0.0,1.0,0.0,0.0,0.0,1.0,0.0,0.0,0.0
58.0,36.48,0.0,12235.8392,1.0,0.0,0.0,1.0,0.0,0.0,0.0,1.0,0.0,0.0
43.0,32.56,3.0,40941.2854,1.0,0.0,1.0,0.0,0.0,0.0,1.0,0.0,0.0,0.0
35.0,35.815,1.0,5630.45785,1.0,0.0,1.0,0.0,0.0,0.0,1.0,0.0,0.0,0.0
48.0,27.93,4.0,11015.1747,1.0,0.0,1.0,0.0,0.0,1.0,0.0,0.0,0.0,0.0
36.0,22.135,3.0,7228.21565,0.0,1.0,0.0,1.0,0.0,0.0,0.0,1.0,0.0,0.0
19.0,44.88,0.0,39722.7462,1.0,0.0,1.0,0.0,0.0,0.0,1.0,0.0,0.0,0.0
23.0,23.18,2.0,14426.07385,1.0,0.0,1.0,0.0,0.0,1.0,0.0,0.0,0.0,0.0
20.0,30.59,0.0,2459.7201,1.0,0.0,1.0,0.0,0.0,0.0,0.0,0.0,1.0,0.0
32.0,41.1,0.0,3989.841,1.0,0.0,1.0,0.0,0.0,0.0,1.0,0.0,0.0,0.0
43.0,34.58,1.0,7727.2532,0.0,1.0,1.0,0.0,0.0,0.0,0.0,1.0,0.0,0.0
34.0,42.13,2.0,5124.1887,0.0,1.0,1.0,0.0,0.0,0.0,0.0,1.0,0.0,0.0
30.0,38.83,1.0,18963.17192,1.0,0.0,1.0,0.0,0.0,1.0,0.0,0.0,0.0,0.0
18.0,28.215,0.0,2200.83085,1.0,0.0,1.0,0.0,0.0,0.0,1.0,0.0,0.0,0.0
41.0,28.31,1.0,7153.5539,1.0,0.0,1.0,0.0,0.0,1.0,0.0,0.0,0.0,0.0
35.0,26.125,0.0,5227.98875,0.0,1.0,1.0,0.0,0.0,0.0,0.0,1.0,0.0,0.0
57.0,40.37,0.0,10982.5013,1.0,0.0,1.0,0.0,0.0,0.0,0.0,0.0,1.0,0.0
29.0,24.6,2.0,4529.477,0.0,1.0,1.0,0.0,0.0,0.0,0.0,0.0,1.0,0.0
32.0,35.2,2.0,4670.64,1.0,0.0,1.0,0.0,0.0,0.0,1.0,0.0,0.0,0.0
37.0,34.105,1.0,6112.35295,0.0,1.0,0.0,1.0,0.0,1.0,0.0,0.0,0.0,0.0
18.0,27.36,1.0,17178.6824,1.0,0.0,0.0,1.0,0.0,0.0,0.0,0.0,1.0,0.0
43.0,26.7,2.0,22478.6,1.0,0.0,1.0,0.0,0.0,0.0,0.0,1.0,0.0,0.0
56.0,41.91,0.0,11093.6229,0.0,1.0,1.0,0.0,0.0,0.0,1.0,0.0,0.0,0.0
38.0,29.26,2.0,6457.8434,0.0,1.0,1.0,0.0,0.0,0.0,1.0,0.0,0.0,0.0
29.0,32.11,2.0,4433.9159,1.0,0.0,1.0,0.0,0.0,0.0,0.0,0.0,1.0,0.0
22.0,27.1,0.0,2154.361,1.0,0.0,0.0,1.0,0.0,0.0,1.0,0.0,0.0,0.0
52.0,24.13,1.0,23887.6627,1.0,0.0,1.0,0.0,0.0,0.0,0.0,0.0,1.0,0.0
40.0,27.4,1.0,6496.886,1.0,0.0,1.0,0.0,0.0,1.0,0.0,0.0,0.0,0.0
23.0,34.865,0.0,2899.48935,0.0,1.0,0.0,1.0,0.0,0.0,0.0,1.0,0.0,0.0
31.0,29.81,0.0,19350.3689,1.0,0.0,1.0,0.0,0.0,1.0,0.0,0.0,0.0,0.0
42.0,41.325,1.0,7650.77375,1.0,0.0,1.0,0.0,0.0,0.0,1.0,0.0,0.0,0.0
24.0,29.925,0.0,2850.68375,1.0,0.0,1.0,0.0,0.0,0.0,0.0,0.0,1.0,0.0
25.0,30.3,0.0,2632.992,1.0,0.0,1.0,0.0,0.0,1.0,0.0,0.0,0.0,0.0
48.0,27.36,1.0,9447.3824,1.0,0.0,0.0,1.0,0.0,0.0,0.0,1.0,0.0,0.0
23.0,28.49,1.0,18328.2381,0.0,1.0,1.0,0.0,0.0,1.0,0.0,0.0,0.0,0.0
45.0,23.56,2.0,8603.8234,0.0,1.0,0.0,1.0,0.0,0.0,1.0,0.0,0.0,0.0
20.0,35.625,3.0,37465.34375,1.0,0.0,1.0,0.0,0.0,0.0,1.0,0.0,0.0,0.0
62.0,32.68,0.0,13844.7972,1.0,0.0,0.0,1.0,0.0,1.0,0.0,0.0,0.0,0.0
43.0,25.27,1.0,21771.3423,1.0,0.0,1.0,0.0,0.0,0.0,0.0,0.0,1.0,0.0
23.0,28.0,0.0,13126.67745,1.0,0.0,1.0,0.0,0.0,0.0,1.0,0.0,0.0,0.0
31.0,32.775,2.0,5327.40025,1.0,0.0,1.0,0.0,0.0,1.0,0.0,0.0,0.0,0.0
41.0,21.755,1.0,13725.47184,1.0,0.0,1.0,0.0,0.0,1.0,0.0,0.0,0.0,0.0
58.0,32.395,1.0,13019.16105,1.0,0.0,1.0,0.0,0.0,0.0,1.0,0.0,0.0,0.0
48.0,36.575,0.0,8671.19125,1.0,0.0,1.0,0.0,0.0,0.0,1.0,0.0,0.0,0.0
31.0,21.755,0.0,4134.08245,1.0,0.0,1.0,0.0,0.0,0.0,1.0,0.0,0.0,0.0
19.0,27.93,3.0,18838.70366,1.0,0.0,0.0,1.0,0.0,0.0,1.0,0.0,0.0,0.0
19.0,30.02,0.0,33307.5508,0.0,1.0,1.0,0.0,0.0,0.0,0.0,1.0,0.0,0.0
41.0,33.55,0.0,5699.8375,0.0,1.0,1.0,0.0,0.0,0.0,1.0,0.0,0.0,0.0
40.0,29.355,1.0,6393.60345,1.0,0.0,1.0,0.0,0.0,0.0,0.0,0.0,1.0,0.0
31.0,25.8,2.0,4934.705,0.0,1.0,1.0,0.0,0.0,0.0,1.0,0.0,0.0,0.0
37.0,24.32,2.0,6198.7518,0.0,1.0,1.0,0.0,0.0,0.0,1.0,0.0,0.0,0.0
46.0,40.375,2.0,8733.22925,0.0,1.0,1.0,0.0,0.0,0.0,1.0,0.0,0.0,0.0
22.0,32.11,0.0,2055.3249,0.0,1.0,1.0,0.0,0.0,1.0,0.0,0.0,0.0,0.0
51.0,32.3,1.0,9964.06,1.0,0.0,0.0,1.0,0.0,0.0,0.0,1.0,0.0,0.0
18.0,27.28,3.0,18223.4512,0.0,1.0,1.0,0.0,0.0,0.0,1.0,0.0,0.0,0.0
35.0,17.86,1.0,5116.5004,1.0,0.0,1.0,0.0,0.0,0.0,0.0,0.0,1.0,0.0
59.0,34.8,2.0,36910.60803,0.0,1.0,0.0,1.0,0.0,0.0,0.0,0.0,1.0,0.0
36.0,33.4,2.0,38415.474,1.0,0.0,0.0,1.0,0.0,1.0,0.0,0.0,0.0,0.0
37.0,25.555,1.0,20296.86345,0.0,1.0,1.0,0.0,0.0,0.0,0.0,0.0,1.0,0.0
59.0,37.1,1.0,12347.172,0.0,1.0,1.0,0.0,0.0,0.0,1.0,0.0,0.0,0.0
36.0,30.875,1.0,5373.36425,0.0,1.0,1.0,0.0,0.0,0.0,0.0,1.0,0.0,0.0
39.0,34.1,2.0,23563.01618,0.0,1.0,1.0,0.0,0.0,1.0,0.0,0.0,0.0,0.0
18.0,21.47,0.0,1702.4553,1.0,0.0,1.0,0.0,0.0,0.0,0.0,0.0,1.0,0.0
52.0,33.3,2.0,10806.839,1.0,0.0,1.0,0.0,0.0,0.0,1.0,0.0,0.0,0.0
27.0,31.255,1.0,3956.07145,0.0,1.0,1.0,0.0,0.0,1.0,0.0,0.0,0.0,0.0
18.0,39.14,0.0,12890.05765,0.0,1.0,1.0,0.0,0.0,0.0,0.0,1.0,0.0,0.0
40.0,25.08,0.0,5415.6612,0.0,1.0,1.0,0.0,0.0,0.0,0.0,1.0,0.0,0.0
29.0,37.29,2.0,4058.1161,1.0,0.0,0.0,1.0,0.0,0.0,0.0,0.0,1.0,0.0
46.0,34.6,1.0,41661.602,1.0,0.0,1.0,0.0,0.0,0.0,1.0,0.0,0.0,0.0
38.0,30.21,3.0,7537.1639,1.0,0.0,1.0,0.0,0.0,1.0,0.0,0.0,0.0,0.0
30.0,21.945,1.0,4718.20355,0.0,1.0,1.0,0.0,0.0,0.0,0.0,1.0,0.0,0.0
40.0,24.97,2.0,6593.5083,0.0,1.0,1.0,0.0,0.0,0.0,0.0,1.0,0.0,0.0
50.0,25.3,0.0,8442.667,1.0,0.0,0.0,1.0,0.0,0.0,0.0,1.0,0.0,0.0
20.0,24.42,0.0,26125.67477,0.0,1.0,1.0,0.0,0.0,1.0,0.0,0.0,0.0,0.0
41.0,23.94,1.0,6858.4796,1.0,0.0,1.0,0.0,0.0,0.0,0.0,1.0,0.0,0.0
33.0,39.82,1.0,4795.6568,0.0,1.0,1.0,0.0,0.0,1.0,0.0,0.0,0.0,0.0
38.0,16.815,2.0,6640.54485,0.0,1.0,1.0,0.0,0.0,0.0,0.0,1.0,0.0,0.0
42.0,37.18,2.0,7162.0122,0.0,1.0,1.0,0.0,0.0,0.0,0.0,1.0,0.0,0.0
56.0,34.43,0.0,10594.2257,0.0,1.0,1.0,0.0,0.0,1.0,0.0,0.0,0.0,0.0
58.0,30.305,0.0,11938.25595,0.0,1.0,0.0,1.0,0.0,0.0,1.0,0.0,0.0,0.0
52.0,34.485,3.0,60021.39897,1.0,0.0,0.0,1.0,0.0,0.0,0.0,0.0,1.0,0.0
20.0,21.8,0.0,20167.33603,1.0,0.0,1.0,0.0,0.0,0.0,1.0,0.0,0.0,0.0
54.0,24.605,3.0,12479.70895,0.0,1.0,1.0,0.0,0.0,0.0,0.0,0.0,1.0,0.0
58.0,23.3,0.0,11345.519,1.0,0.0,1.0,0.0,0.0,0.0,0.0,1.0,0.0,0.0
45.0,27.83,2.0,8515.7587,0.0,1.0,1.0,0.0,0.0,0.0,1.0,0.0,0.0,0.0
26.0,31.065,0.0,2699.56835,1.0,0.0,1.0,0.0,0.0,1.0,0.0,0.0,0.0,0.0
63.0,21.66,0.0,14449.8544,1.0,0.0,1.0,0.0,0.0,0.0,1.0,0.0,0.0,0.0
58.0,28.215,0.0,12224.35085,0.0,1.0,1.0,0.0,0.0,1.0,0.0,0.0,0.0,0.0
37.0,22.705,3.0,6985.50695,1.0,0.0,1.0,0.0,0.0,0.0,0.0,1.0,0.0,0.0
25.0,42.13,1.0,3238.4357,0.0,1.0,0.0,1.0,0.0,0.0,0.0,1.0,0.0,0.0
52.0,41.8,2.0,47269.854,0.0,1.0,0.0,1.0,0.0,0.0,0.0,1.0,0.0,0.0
64.0,36.96,2.0,49577.6624,1.0,0.0,1.0,0.0,0.0,0.0,1.0,0.0,0.0,0.0
22.0,21.28,3.0,4296.2712,1.0,0.0,1.0,0.0,0.0,0.0,0.0,1.0,0.0,0.0
28.0,33.11,0.0,3171.6149,0.0,1.0,1.0,0.0,0.0,0.0,0.0,1.0,0.0,0.0
18.0,33.33,0.0,1135.9407,0.0,1.0,1.0,0.0,0.0,0.0,0.0,0.0,1.0,0.0
28.0,24.3,5.0,5615.369,1.0,0.0,1.0,0.0,0.0,0.0,0.0,0.0,1.0,0.0
45.0,25.7,3.0,9101.798,0.0,1.0,1.0,0.0,0.0,0.0,0.0,0.0,1.0,0.0
33.0,29.4,4.0,6059.173,1.0,0.0,1.0,0.0,0.0,0.0,0.0,1.0,0.0,0.0
18.0,39.82,0.0,1633.9618,0.0,1.0,0.0,1.0,0.0,1.0,0.0,0.0,0.0,0.0
32.0,33.63,1.0,37607.5277,0.0,1.0,0.0,1.0,0.0,1.0,0.0,0.0,0.0,0.0
24.0,29.83,0.0,18648.4217,0.0,1.0,1.0,0.0,0.0,0.0,0.0,0.0,1.0,0.0
19.0,19.8,0.0,1241.565,0.0,1.0,0.0,1.0,0.0,0.0,0.0,0.0,1.0,0.0
20.0,27.3,0.0,16232.847,1.0,0.0,1.0,0.0,0.0,0.0,0.0,0.0,1.0,0.0
40.0,29.3,4.0,15828.82173,1.0,0.0,1.0,0.0,0.0,0.0,0.0,1.0,0.0,0.0
34.0,27.72,0.0,4415.1588,1.0,0.0,1.0,0.0,0.0,0.0,0.0,0.0,1.0,0.0
42.0,37.9,0.0,6474.013,1.0,0.0,1.0,0.0,0.0,0.0,1.0,0.0,0.0,0.0
51.0,36.385,3.0,11436.73815,1.0,0.0,1.0,0.0,0.0,0.0,1.0,0.0,0.0,0.0
54.0,27.645,1.0,11305.93455,0.0,1.0,1.0,0.0,0.0,0.0,1.0,0.0,0.0,0.0
55.0,37.715,3.0,30063.58055,1.0,0.0,1.0,0.0,0.0,1.0,0.0,0.0,0.0,0.0
52.0,23.18,0.0,10197.7722,1.0,0.0,1.0,0.0,0.0,1.0,0.0,0.0,0.0,0.0
32.0,20.52,0.0,4544.2348,0.0,1.0,1.0,0.0,0.0,0.0,0.0,0.0,1.0,0.0
28.0,37.1,1.0,3277.161,1.0,0.0,1.0,0.0,0.0,0.0,0.0,1.0,0.0,0.0
41.0,28.05,1.0,6770.1925,1.0,0.0,1.0,0.0,0.0,0.0,0.0,0.0,1.0,0.0
43.0,29.9,1.0,7337.748,1.0,0.0,1.0,0.0,0.0,1.0,0.0,0.0,0.0,0.0
49.0,33.345,2.0,10370.91255,0.0,1.0,0.0,1.0,0.0,0.0,0.0,1.0,0.0,0.0
64.0,23.76,0.0,26926.5144,1.0,0.0,1.0,0.0,0.0,0.0,0.0,0.0,1.0,0.0
55.0,30.5,0.0,10704.47,0.0,1.0,0.0,1.0,0.0,1.0,0.0,0.0,0.0,0.0
24.0,31.065,0.0,34254.05335,1.0,0.0,1.0,0.0,0.0,0.0,0.0,0.0,1.0,0.0
20.0,33.3,0.0,1880.487,0.0,1.0,1.0,0.0,0.0,0.0,0.0,0.0,1.0,0.0
45.0,27.5,3.0,8615.3,0.0,1.0,1.0,0.0,0.0,0.0,1.0,0.0,0.0,0.0
26.0,33.915,1.0,3292.52985,1.0,0.0,1.0,0.0,0.0,0.0,1.0,0.0,0.0,0.0
25.0,34.485,0.0,3021.80915,0.0,1.0,1.0,0.0,0.0,0.0,0.0,1.0,0.0,0.0
43.0,25.52,5.0,14478.33015,0.0,1.0,1.0,0.0,0.0,0.0,0.0,1.0,0.0,0.0
35.0,27.61,1.0,4747.0529,0.0,1.0,0.0,1.0,0.0,0.0,0.0,1.0,0.0,0.0
26.0,27.06,0.0,17043.3414,0.0,1.0,1.0,0.0,0.0,0.0,0.0,0.0,1.0,0.0
57.0,23.7,0.0,10959.33,1.0,0.0,1.0,0.0,0.0,1.0,0.0,0.0,0.0,0.0
22.0,30.4,0.0,2741.948,1.0,0.0,1.0,0.0,0.0,0.0,1.0,0.0,0.0,0.0
32.0,29.735,0.0,4357.04365,0.0,1.0,0.0,1.0,0.0,1.0,0.0,0.0,0.0,0.0
39.0,29.925,1.0,22462.04375,1.0,0.0,1.0,0.0,0.0,0.0,1.0,0.0,0.0,0.0
25.0,26.79,2.0,4189.1131,1.0,0.0,1.0,0.0,0.0,0.0,0.0,1.0,0.0,0.0
48.0,33.33,0.0,8283.6807,1.0,0.0,0.0,1.0,0.0,0.0,1.0,0.0,0.0,0.0
47.0,27.645,2.0,24535.69855,1.0,0.0,0.0,1.0,0.0,1.0,0.0,0.0,0.0,0.0
18.0,21.66,0.0,14283.4594,0.0,1.0,1.0,0.0,0.0,0.0,0.0,1.0,0.0,0.0
18.0,30.03,1.0,1720.3537,0.0,1.0,0.0,1.0,0.0,0.0,0.0,0.0,1.0,0.0
61.0,36.3,1.0,47403.88,1.0,0.0,1.0,0.0,0.0,1.0,0.0,0.0,0.0,0.0
47.0,24.32,0.0,8534.6718,1.0,0.0,1.0,0.0,0.0,1.0,0.0,0.0,0.0,0.0
28.0,17.29,0.0,3732.6251,1.0,0.0,1.0,0.0,0.0,0.0,0.0,0.0,1.0,0.0
36.0,25.9,1.0,5472.449,0.0,1.0,0.0,1.0,0.0,0.0,0.0,0.0,1.0,0.0
20.0,39.4,2.0,38344.566,0.0,1.0,1.0,0.0,0.0,0.0,0.0,1.0,0.0,0.0
44.0,34.32,1.0,7147.4728,1.0,0.0,1.0,0.0,0.0,1.0,0.0,0.0,0.0,0.0
38.0,19.95,2.0,7133.9025,0.0,1.0,0.0,1.0,0.0,0.0,0.0,0.0,1.0,0.0
19.0,34.9,0.0,34828.654,0.0,1.0,1.0,0.0,0.0,0.0,0.0,1.0,0.0,0.0
21.0,23.21,0.0,1515.3449,0.0,1.0,1.0,0.0,0.0,0.0,1.0,0.0,0.0,0.0
46.0,25.745,3.0,9301.89355,0.0,1.0,1.0,0.0,0.0,1.0,0.0,0.0,0.0,0.0
58.0,25.175,0.0,11931.12525,0.0,1.0,1.0,0.0,0.0,0.0,0.0,0.0,1.0,0.0
20.0,22.0,1.0,1964.78,0.0,1.0,1.0,0.0,0.0,1.0,0.0,0.0,0.0,0.0
18.0,26.125,0.0,1708.92575,1.0,0.0,1.0,0.0,0.0,0.0,0.0,1.0,0.0,0.0
28.0,26.51,2.0,4340.4409,0.0,1.0,1.0,0.0,0.0,0.0,1.0,0.0,0.0,0.0
33.0,27.455,2.0,5261.46945,1.0,0.0,1.0,0.0,0.0,0.0,1.0,0.0,0.0,0.0
19.0,25.745,1.0,2710.82855,0.0,1.0,0.0,1.0,0.0,0.0,0.0,1.0,0.0,0.0
45.0,30.36,0.0,62592.87309,0.0,1.0,0.0,1.0,0.0,0.0,1.0,0.0,0.0,0.0
62.0,30.875,3.0,46718.16325,1.0,0.0,1.0,0.0,0.0,0.0,0.0,0.0,1.0,0.0
25.0,20.8,1.0,3208.787,0.0,1.0,0.0,1.0,0.0,0.0,0.0,0.0,1.0,0.0
43.0,27.8,0.0,37829.7242,0.0,1.0,0.0,1.0,0.0,1.0,0.0,0.0,0.0,0.0
42.0,24.605,2.0,21259.37795,1.0,0.0,1.0,0.0,0.0,0.0,0.0,1.0,0.0,0.0
24.0,27.72,0.0,2464.6188,1.0,0.0,0.0,1.0,0.0,1.0,0.0,0.0,0.0,0.0
29.0,21.85,0.0,16115.3045,0.0,1.0,0.0,1.0,0.0,0.0,1.0,0.0,0.0,0.0
32.0,28.12,4.0,21472.4788,1.0,0.0,0.0,1.0,0.0,0.0,0.0,0.0,1.0,0.0
25.0,30.2,0.0,33900.653,0.0,1.0,1.0,0.0,0.0,0.0,0.0,0.0,1.0,0.0
41.0,32.2,2.0,6875.961,0.0,1.0,1.0,0.0,0.0,0.0,1.0,0.0,0.0,0.0
42.0,26.315,1.0,6940.90985,1.0,0.0,1.0,0.0,0.0,0.0,1.0,0.0,0.0,0.0
33.0,26.695,0.0,4571.41305,0.0,1.0,1.0,0.0,0.0,0.0,0.0,0.0,1.0,0.0
34.0,42.9,1.0,4536.259,1.0,0.0,0.0,1.0,0.0,0.0,0.0,0.0,1.0,0.0
19.0,34.7,2.0,36397.576,1.0,0.0,0.0,1.0,0.0,0.0,1.0,0.0,0.0,0.0
30.0,23.655,3.0,18765.87545,0.0,1.0,1.0,0.0,0.0,1.0,0.0,0.0,0.0,0.0
18.0,28.31,1.0,11272.33139,1.0,0.0,1.0,0.0,0.0,0.0,0.0,0.0,1.0,0.0
19.0,20.6,0.0,1731.677,0.0,1.0,1.0,0.0,0.0,0.0,0.0,1.0,0.0,0.0
18.0,53.13,0.0,1163.4627,0.0,1.0,1.0,0.0,0.0,1.0,0.0,0.0,0.0,0.0
35.0,39.71,4.0,19496.71917,1.0,0.0,1.0,0.0,0.0,0.0,1.0,0.0,0.0,0.0
39.0,26.315,2.0,7201.70085,0.0,1.0,1.0,0.0,0.0,0.0,1.0,0.0,0.0,0.0
31.0,31.065,3.0,5425.02335,0.0,1.0,0.0,1.0,0.0,1.0,0.0,0.0,0.0,0.0
62.0,26.695,0.0,28101.33305,0.0,1.0,1.0,0.0,0.0,0.0,0.0,1.0,0.0,0.0
62.0,38.83,0.0,12981.3457,1.0,0.0,0.0,1.0,0.0,0.0,0.0,1.0,0.0,0.0
42.0,40.37,2.0,43896.3763,0.0,1.0,1.0,0.0,0.0,0.0,1.0,0.0,0.0,0.0
31.0,25.935,1.0,4239.89265,0.0,1.0,1.0,0.0,0.0,1.0,0.0,0.0,0.0,0.0
61.0,33.535,0.0,13143.33665,1.0,0.0,1.0,0.0,0.0,1.0,0.0,0.0,0.0,0.0
42.0,32.87,0.0,7050.0213,0.0,1.0,1.0,0.0,0.0,0.0,0.0,1.0,0.0,0.0
51.0,30.03,1.0,9377.9047,1.0,0.0,1.0,0.0,0.0,1.0,0.0,0.0,0.0,0.0
23.0,24.225,2.0,22395.74424,0.0,1.0,1.0,0.0,0.0,0.0,0.0,0.0,1.0,0.0
52.0,38.6,2.0,10325.206,1.0,0.0,1.0,0.0,0.0,0.0,0.0,1.0,0.0,0.0
57.0,25.74,2.0,12629.1656,1.0,0.0,1.0,0.0,0.0,0.0,0.0,0.0,1.0,0.0
23.0,33.4,0.0,10795.93733,1.0,0.0,1.0,0.0,0.0,0.0,0.0,0.0,1.0,0.0
52.0,44.7,3.0,11411.685,0.0,1.0,1.0,0.0,0.0,0.0,1.0,0.0,0.0,0.0
50.0,30.97,3.0,10600.5483,1.0,0.0,1.0,0.0,0.0,1.0,0.0,0.0,0.0,0.0
18.0,31.92,0.0,2205.9808,1.0,0.0,1.0,0.0,0.0,0.0,0.0,1.0,0.0,0.0
18.0,36.85,0.0,1629.8335,1.0,0.0,1.0,0.0,0.0,0.0,0.0,0.0,1.0,0.0
21.0,25.8,0.0,2007.945,1.0,0.0,0.0,1.0,0.0,0.0,1.0,0.0,0.0,0.0
61.0,29.07,0.0,29141.3603,,,0.0,0.0,1.0,0.0,0.0,0.0,0.0,1.0
,30.66345175766642,,,0.0,1.0,1.0,0.0,0.0,0.0,0.0,1.0,0.0,0.0
